FIPS_Code,State,Area_Name,Attribute,Value
1001,AL,Autauga County,Rural_Urban_Continuum_Code_2013,2.0
1001,AL,Autauga County,Urban_Influence_Code_2013,2.0
1001,AL,Autauga County,Rural_Urban_Continuum_Code_2023,2.0
1001,AL,Autauga County,Urban_Influence_Code_2024,4.0
1001,AL,Autauga County,POVALL_2023,7004.0
1001,AL,Autauga County,CI90LBALL_2023,5599.0
1001,AL,Autauga County,CI90UBALL_2023,8409.0
1001,AL,Autauga County,PCTPOVALL_2023,11.7
1001,AL,Autauga County,CI90LBALLP_2023,9.3
1001,AL,Autauga County,CI90UBALLP_2023,14.1
1001,AL,Autauga County,POV017_2023,2363.0
1001,AL,Autauga County,CI90LB017_2023,1759.0
1001,AL,Autauga County,CI90UB017_2023,2967.0
1001,AL,Autauga County,PCTPOV017_2023,17.0
1001,AL,Autauga County,CI90LB017P_2023,12.7
1001,AL,Autauga County,CI90UB017P_2023,21.3
1001,AL,Autauga County,POV517_2023,1722.0
1001,AL,Autauga County,CI90LB517_2023,1254.0
1001,AL,Autauga County,CI90UB517_2023,2190.0
1001,AL,Autauga County,PCTPOV517_2023,16.7
1001,AL,Autauga County,CI90LB517P_2023,12.2
1001,AL,Autauga County,CI90UB517P_2023,21.2
1001,AL,Autauga County,MEDHHINC_2023,68857.0
1001,AL,Autauga County,CI90LBINC_2023,62667.0
1001,AL,Autauga County,CI90UBINC_2023,75047.0
1003,AL,Baldwin County,Rural_Urban_Continuum_Code_2013,3.0
1003,AL,Baldwin County,Urban_Influence_Code_2013,2.0
1003,AL,Baldwin County,Rural_Urban_Continuum_Code_2023,3.0
1003,AL,Baldwin County,Urban_Influence_Code_2024,4.0
1003,AL,Baldwin County,POVALL_2023,24942.0
1003,AL,Baldwin County,CI90LBALL_2023,20972.0
1003,AL,Baldwin County,CI90UBALL_2023,28912.0
1003,AL,Baldwin County,PCTPOVALL_2023,10.0
1003,AL,Baldwin County,CI90LBALLP_2023,8.4
1003,AL,Baldwin County,CI90UBALLP_2023,11.6
1003,AL,Baldwin County,POV017_2023,7334.0
1003,AL,Baldwin County,CI90LB017_2023,5752.0
1003,AL,Baldwin County,CI90UB017_2023,8916.0
1003,AL,Baldwin County,PCTPOV017_2023,14.1
1003,AL,Baldwin County,CI90LB017P_2023,11.1
1003,AL,Baldwin County,CI90UB017P_2023,17.1
1003,AL,Baldwin County,POV517_2023,5105.0
1003,AL,Baldwin County,CI90LB517_2023,3889.0
1003,AL,Baldwin County,CI90UB517_2023,6321.0
1003,AL,Baldwin County,PCTPOV517_2023,13.0
1003,AL,Baldwin County,CI90LB517P_2023,9.9
1003,AL,Baldwin County,CI90UB517P_2023,16.1
1003,AL,Baldwin County,MEDHHINC_2023,74248.0
1003,AL,Baldwin County,CI90LBINC_2023,69046.0
1003,AL,Baldwin County,CI90UBINC_2023,79450.0
1005,AL,Barbour County,Rural_Urban_Continuum_Code_2013,6.0
1005,AL,Barbour County,Urban_Influence_Code_2013,6.0
1005,AL,Barbour County,Rural_Urban_Continuum_Code_2023,6.0
1005,AL,Barbour County,Urban_Influence_Code_2024,5.0
1005,AL,Barbour County,POVALL_2023,5585.0
1005,AL,Barbour County,CI90LBALL_2023,4266.0
1005,AL,Barbour County,CI90UBALL_2023,6904.0
1005,AL,Barbour County,PCTPOVALL_2023,25.5
1005,AL,Barbour County,CI90LBALLP_2023,19.5
1005,AL,Barbour County,CI90UBALLP_2023,31.5
1005,AL,Barbour County,POV017_2023,1738.0
1005,AL,Barbour County,CI90LB017_2023,1187.0
1005,AL,Barbour County,CI90UB017_2023,2289.0
1005,AL,Barbour County,PCTPOV017_2023,34.8
1005,AL,Barbour County,CI90LB017P_2023,23.8
1005,AL,Barbour County,CI90UB017P_2023,45.8
1005,AL,Barbour County,POV517_2023,1226.0
1005,AL,Barbour County,CI90LB517_2023,813.0
1005,AL,Barbour County,CI90UB517_2023,1639.0
1005,AL,Barbour County,PCTPOV517_2023,33.2
1005,AL,Barbour County,CI90LB517P_2023,22.0
1005,AL,Barbour County,CI90UB517P_2023,44.4
1005,AL,Barbour County,MEDHHINC_2023,45298.0
1005,AL,Barbour County,CI90LBINC_2023,40531.0
1005,AL,Barbour County,CI90UBINC_2023,50065.0
1007,AL,Bibb County,Rural_Urban_Continuum_Code_2013,1.0
1007,AL,Bibb County,Urban_Influence_Code_2013,1.0
1007,AL,Bibb County,Rural_Urban_Continuum_Code_2023,1.0
1007,AL,Bibb County,Urban_Influence_Code_2024,1.0
1007,AL,Bibb County,POVALL_2023,3870.0
1007,AL,Bibb County,CI90LBALL_2023,3112.0
1007,AL,Bibb County,CI90UBALL_2023,4628.0
1007,AL,Bibb County,PCTPOVALL_2023,19.4
1007,AL,Bibb County,CI90LBALLP_2023,15.6
1007,AL,Bibb County,CI90UBALLP_2023,23.2
1007,AL,Bibb County,POV017_2023,910.0
1007,AL,Bibb County,CI90LB017_2023,640.0
1007,AL,Bibb County,CI90UB017_2023,1180.0
1007,AL,Bibb County,PCTPOV017_2023,21.4
1007,AL,Bibb County,CI90LB017P_2023,15.1
1007,AL,Bibb County,CI90UB017P_2023,27.7
1007,AL,Bibb County,POV517_2023,649.0
1007,AL,Bibb County,CI90LB517_2023,444.0
1007,AL,Bibb County,CI90UB517_2023,854.0
1007,AL,Bibb County,PCTPOV517_2023,20.9
1007,AL,Bibb County,CI90LB517P_2023,14.3
1007,AL,Bibb County,CI90UB517P_2023,27.5
1007,AL,Bibb County,MEDHHINC_2023,56025.0
1007,AL,Bibb County,CI90LBINC_2023,49463.0
1007,AL,Bibb County,CI90UBINC_2023,62587.0
1009,AL,Blount County,Rural_Urban_Continuum_Code_2013,1.0
1009,AL,Blount County,Urban_Influence_Code_2013,1.0
1009,AL,Blount County,Rural_Urban_Continuum_Code_2023,1.0
1009,AL,Blount County,Urban_Influence_Code_2024,1.0
1009,AL,Blount County,POVALL_2023,7590.0
1009,AL,Blount County,CI90LBALL_2023,6121.0
1009,AL,Blount County,CI90UBALL_2023,9059.0
1009,AL,Blount County,PCTPOVALL_2023,12.8
1009,AL,Blount County,CI90LBALLP_2023,10.3
1009,AL,Blount County,CI90UBALLP_2023,15.3
1009,AL,Blount County,POV017_2023,2250.0
1009,AL,Blount County,CI90LB017_2023,1652.0
1009,AL,Blount County,CI90UB017_2023,2848.0
1009,AL,Blount County,PCTPOV017_2023,16.6
1009,AL,Blount County,CI90LB017P_2023,12.2
1009,AL,Blount County,CI90UB017P_2023,21.0
1009,AL,Blount County,POV517_2023,1587.0
1009,AL,Blount County,CI90LB517_2023,1124.0
1009,AL,Blount County,CI90UB517_2023,2050.0
1009,AL,Blount County,PCTPOV517_2023,15.8
1009,AL,Blount County,CI90LB517P_2023,11.2
1009,AL,Blount County,CI90UB517P_2023,20.4
1009,AL,Blount County,MEDHHINC_2023,64962.0
1009,AL,Blount County,CI90LBINC_2023,59013.0
1009,AL,Blount County,CI90UBINC_2023,70911.0
1011,AL,Bullock County,Rural_Urban_Continuum_Code_2013,6.0
1011,AL,Bullock County,Urban_Influence_Code_2013,6.0
1011,AL,Bullock County,Rural_Urban_Continuum_Code_2023,8.0
1011,AL,Bullock County,Urban_Influence_Code_2024,6.0
1011,AL,Bullock County,POVALL_2023,2779.0
1011,AL,Bullock County,CI90LBALL_2023,2162.0
1011,AL,Bullock County,CI90UBALL_2023,3396.0
1011,AL,Bullock County,PCTPOVALL_2023,33.6
1011,AL,Bullock County,CI90LBALLP_2023,26.1
1011,AL,Bullock County,CI90UBALLP_2023,41.1
1011,AL,Bullock County,POV017_2023,791.0
1011,AL,Bullock County,CI90LB017_2023,557.0
1011,AL,Bullock County,CI90UB017_2023,1025.0
1011,AL,Bullock County,PCTPOV017_2023,39.8
1011,AL,Bullock County,CI90LB017P_2023,28.0
1011,AL,Bullock County,CI90UB017P_2023,51.6
1011,AL,Bullock County,POV517_2023,566.0
1011,AL,Bullock County,CI90LB517_2023,385.0
1011,AL,Bullock County,CI90UB517_2023,747.0
1011,AL,Bullock County,PCTPOV517_2023,37.9
1011,AL,Bullock County,CI90LB517P_2023,25.8
1011,AL,Bullock County,CI90UB517P_2023,50.0
1011,AL,Bullock County,MEDHHINC_2023,36204.0
1011,AL,Bullock County,CI90LBINC_2023,31398.0
1011,AL,Bullock County,CI90UBINC_2023,41010.0
1013,AL,Butler County,Rural_Urban_Continuum_Code_2013,6.0
1013,AL,Butler County,Urban_Influence_Code_2013,6.0
1013,AL,Butler County,Rural_Urban_Continuum_Code_2023,6.0
1013,AL,Butler County,Urban_Influence_Code_2024,6.0
1013,AL,Butler County,POVALL_2023,4263.0
1013,AL,Butler County,CI90LBALL_2023,3469.0
1013,AL,Butler County,CI90UBALL_2023,5057.0
1013,AL,Butler County,PCTPOVALL_2023,23.6
1013,AL,Butler County,CI90LBALLP_2023,19.2
1013,AL,Butler County,CI90UBALLP_2023,28.0
1013,AL,Butler County,POV017_2023,1517.0
1013,AL,Butler County,CI90LB017_2023,1171.0
1013,AL,Butler County,CI90UB017_2023,1863.0
1013,AL,Butler County,PCTPOV017_2023,37.4
1013,AL,Butler County,CI90LB017P_2023,28.9
1013,AL,Butler County,CI90UB017P_2023,45.9
1013,AL,Butler County,POV517_2023,1054.0
1013,AL,Butler County,CI90LB517_2023,766.0
1013,AL,Butler County,CI90UB517_2023,1342.0
1013,AL,Butler County,PCTPOV517_2023,35.3
1013,AL,Butler County,CI90LB517P_2023,25.7
1013,AL,Butler County,CI90UB517P_2023,44.9
1013,AL,Butler County,MEDHHINC_2023,44729.0
1013,AL,Butler County,CI90LBINC_2023,40192.0
1013,AL,Butler County,CI90UBINC_2023,49266.0
1015,AL,Calhoun County,Rural_Urban_Continuum_Code_2013,3.0
1015,AL,Calhoun County,Urban_Influence_Code_2013,2.0
1015,AL,Calhoun County,Rural_Urban_Continuum_Code_2023,3.0
1015,AL,Calhoun County,Urban_Influence_Code_2024,4.0
1015,AL,Calhoun County,POVALL_2023,22174.0
1015,AL,Calhoun County,CI90LBALL_2023,19284.0
1015,AL,Calhoun County,CI90UBALL_2023,25064.0
1015,AL,Calhoun County,PCTPOVALL_2023,20.1
1015,AL,Calhoun County,CI90LBALLP_2023,17.5
1015,AL,Calhoun County,CI90UBALLP_2023,22.7
1015,AL,Calhoun County,POV017_2023,6923.0
1015,AL,Calhoun County,CI90LB017_2023,5829.0
1015,AL,Calhoun County,CI90UB017_2023,8017.0
1015,AL,Calhoun County,PCTPOV017_2023,28.5
1015,AL,Calhoun County,CI90LB017P_2023,24.0
1015,AL,Calhoun County,CI90UB017P_2023,33.0
1015,AL,Calhoun County,POV517_2023,4451.0
1015,AL,Calhoun County,CI90LB517_2023,3498.0
1015,AL,Calhoun County,CI90UB517_2023,5404.0
1015,AL,Calhoun County,PCTPOV517_2023,25.0
1015,AL,Calhoun County,CI90LB517P_2023,19.7
1015,AL,Calhoun County,CI90UB517P_2023,30.3
1015,AL,Calhoun County,MEDHHINC_2023,51841.0
1015,AL,Calhoun County,CI90LBINC_2023,48155.0
1015,AL,Calhoun County,CI90UBINC_2023,55527.0
1017,AL,Chambers County,Rural_Urban_Continuum_Code_2013,6.0
1017,AL,Chambers County,Urban_Influence_Code_2013,5.0
1017,AL,Chambers County,Rural_Urban_Continuum_Code_2023,6.0
1017,AL,Chambers County,Urban_Influence_Code_2024,5.0
1017,AL,Chambers County,POVALL_2023,5661.0
1017,AL,Chambers County,CI90LBALL_2023,4296.0
1017,AL,Chambers County,CI90UBALL_2023,7026.0
1017,AL,Chambers County,PCTPOVALL_2023,17.1
1017,AL,Chambers County,CI90LBALLP_2023,13.0
1017,AL,Chambers County,CI90UBALLP_2023,21.2
1017,AL,Chambers County,POV017_2023,1814.0
1017,AL,Chambers County,CI90LB017_2023,1196.0
1017,AL,Chambers County,CI90UB017_2023,2432.0
1017,AL,Chambers County,PCTPOV017_2023,26.0
1017,AL,Chambers County,CI90LB017P_2023,17.1
1017,AL,Chambers County,CI90UB017P_2023,34.9
1017,AL,Chambers County,POV517_2023,1329.0
1017,AL,Chambers County,CI90LB517_2023,856.0
1017,AL,Chambers County,CI90UB517_2023,1802.0
1017,AL,Chambers County,PCTPOV517_2023,25.8
1017,AL,Chambers County,CI90LB517P_2023,16.6
1017,AL,Chambers County,CI90UB517P_2023,35.0
1017,AL,Chambers County,MEDHHINC_2023,50390.0
1017,AL,Chambers County,CI90LBINC_2023,44560.0
1017,AL,Chambers County,CI90UBINC_2023,56220.0
1019,AL,Cherokee County,Rural_Urban_Continuum_Code_2013,6.0
1019,AL,Cherokee County,Urban_Influence_Code_2013,6.0
1019,AL,Cherokee County,Rural_Urban_Continuum_Code_2023,8.0
1019,AL,Cherokee County,Urban_Influence_Code_2024,6.0
1019,AL,Cherokee County,POVALL_2023,3949.0
1019,AL,Cherokee County,CI90LBALL_2023,3042.0
1019,AL,Cherokee County,CI90UBALL_2023,4856.0
1019,AL,Cherokee County,PCTPOVALL_2023,15.6
1019,AL,Cherokee County,CI90LBALLP_2023,12.0
1019,AL,Cherokee County,CI90UBALLP_2023,19.2
1019,AL,Cherokee County,POV017_2023,966.0
1019,AL,Cherokee County,CI90LB017_2023,640.0
1019,AL,Cherokee County,CI90UB017_2023,1292.0
1019,AL,Cherokee County,PCTPOV017_2023,20.5
1019,AL,Cherokee County,CI90LB017P_2023,13.6
1019,AL,Cherokee County,CI90UB017P_2023,27.4
1019,AL,Cherokee County,POV517_2023,717.0
1019,AL,Cherokee County,CI90LB517_2023,462.0
1019,AL,Cherokee County,CI90UB517_2023,972.0
1019,AL,Cherokee County,PCTPOV517_2023,20.3
1019,AL,Cherokee County,CI90LB517P_2023,13.1
1019,AL,Cherokee County,CI90UB517P_2023,27.5
1019,AL,Cherokee County,MEDHHINC_2023,56400.0
1019,AL,Cherokee County,CI90LBINC_2023,50628.0
1019,AL,Cherokee County,CI90UBINC_2023,62172.0
1021,AL,Chilton County,Rural_Urban_Continuum_Code_2013,1.0
1021,AL,Chilton County,Urban_Influence_Code_2013,1.0
1021,AL,Chilton County,Rural_Urban_Continuum_Code_2023,1.0
1021,AL,Chilton County,Urban_Influence_Code_2024,1.0
1021,AL,Chilton County,POVALL_2023,7026.0
1021,AL,Chilton County,CI90LBALL_2023,5487.0
1021,AL,Chilton County,CI90UBALL_2023,8565.0
1021,AL,Chilton County,PCTPOVALL_2023,15.3
1021,AL,Chilton County,CI90LBALLP_2023,12.0
1021,AL,Chilton County,CI90UBALLP_2023,18.6
1021,AL,Chilton County,POV017_2023,2355.0
1021,AL,Chilton County,CI90LB017_2023,1647.0
1021,AL,Chilton County,CI90UB017_2023,3063.0
1021,AL,Chilton County,PCTPOV017_2023,21.5
1021,AL,Chilton County,CI90LB017P_2023,15.0
1021,AL,Chilton County,CI90UB017P_2023,28.0
1021,AL,Chilton County,POV517_2023,1576.0
1021,AL,Chilton County,CI90LB517_2023,1050.0
1021,AL,Chilton County,CI90UB517_2023,2102.0
1021,AL,Chilton County,PCTPOV517_2023,19.3
1021,AL,Chilton County,CI90LB517P_2023,12.8
1021,AL,Chilton County,CI90UB517P_2023,25.8
1021,AL,Chilton County,MEDHHINC_2023,59165.0
1021,AL,Chilton County,CI90LBINC_2023,55581.0
1021,AL,Chilton County,CI90UBINC_2023,62749.0
1023,AL,Choctaw County,Rural_Urban_Continuum_Code_2013,9.0
1023,AL,Choctaw County,Urban_Influence_Code_2013,10.0
1023,AL,Choctaw County,Rural_Urban_Continuum_Code_2023,9.0
1023,AL,Choctaw County,Urban_Influence_Code_2024,9.0
1023,AL,Choctaw County,POVALL_2023,3017.0
1023,AL,Choctaw County,CI90LBALL_2023,2420.0
1023,AL,Choctaw County,CI90UBALL_2023,3614.0
1023,AL,Choctaw County,PCTPOVALL_2023,24.8
1023,AL,Choctaw County,CI90LBALLP_2023,19.9
1023,AL,Choctaw County,CI90UBALLP_2023,29.7
1023,AL,Choctaw County,POV017_2023,854.0
1023,AL,Choctaw County,CI90LB017_2023,633.0
1023,AL,Choctaw County,CI90UB017_2023,1075.0
1023,AL,Choctaw County,PCTPOV017_2023,35.8
1023,AL,Choctaw County,CI90LB017P_2023,26.5
1023,AL,Choctaw County,CI90UB017P_2023,45.1
1023,AL,Choctaw County,POV517_2023,575.0
1023,AL,Choctaw County,CI90LB517_2023,402.0
1023,AL,Choctaw County,CI90UB517_2023,748.0
1023,AL,Choctaw County,PCTPOV517_2023,32.9
1023,AL,Choctaw County,CI90LB517P_2023,23.0
1023,AL,Choctaw County,CI90UB517P_2023,42.8
1023,AL,Choctaw County,MEDHHINC_2023,47432.0
1023,AL,Choctaw County,CI90LBINC_2023,41597.0
1023,AL,Choctaw County,CI90UBINC_2023,53267.0
1025,AL,Clarke County,Rural_Urban_Continuum_Code_2013,7.0
1025,AL,Clarke County,Urban_Influence_Code_2013,11.0
1025,AL,Clarke County,Rural_Urban_Continuum_Code_2023,9.0
1025,AL,Clarke County,Urban_Influence_Code_2024,9.0
1025,AL,Clarke County,POVALL_2023,4174.0
1025,AL,Clarke County,CI90LBALL_2023,3131.0
1025,AL,Clarke County,CI90UBALL_2023,5217.0
1025,AL,Clarke County,PCTPOVALL_2023,19.0
1025,AL,Clarke County,CI90LBALLP_2023,14.3
1025,AL,Clarke County,CI90UBALLP_2023,23.7
1025,AL,Clarke County,POV017_2023,1386.0
1025,AL,Clarke County,CI90LB017_2023,938.0
1025,AL,Clarke County,CI90UB017_2023,1834.0
1025,AL,Clarke County,PCTPOV017_2023,28.7
1025,AL,Clarke County,CI90LB017P_2023,19.4
1025,AL,Clarke County,CI90UB017P_2023,38.0
1025,AL,Clarke County,POV517_2023,1020.0
1025,AL,Clarke County,CI90LB517_2023,669.0
1025,AL,Clarke County,CI90UB517_2023,1371.0
1025,AL,Clarke County,PCTPOV517_2023,29.1
1025,AL,Clarke County,CI90LB517P_2023,19.1
1025,AL,Clarke County,CI90UB517P_2023,39.1
1025,AL,Clarke County,MEDHHINC_2023,50868.0
1025,AL,Clarke County,CI90LBINC_2023,44973.0
1025,AL,Clarke County,CI90UBINC_2023,56763.0
1027,AL,Clay County,Rural_Urban_Continuum_Code_2013,9.0
1027,AL,Clay County,Urban_Influence_Code_2013,10.0
1027,AL,Clay County,Rural_Urban_Continuum_Code_2023,9.0
1027,AL,Clay County,Urban_Influence_Code_2024,9.0
1027,AL,Clay County,POVALL_2023,2337.0
1027,AL,Clay County,CI90LBALL_2023,1837.0
1027,AL,Clay County,CI90UBALL_2023,2837.0
1027,AL,Clay County,PCTPOVALL_2023,16.9
1027,AL,Clay County,CI90LBALLP_2023,13.3
1027,AL,Clay County,CI90UBALLP_2023,20.5
1027,AL,Clay County,POV017_2023,726.0
1027,AL,Clay County,CI90LB017_2023,509.0
1027,AL,Clay County,CI90UB017_2023,943.0
1027,AL,Clay County,PCTPOV017_2023,25.0
1027,AL,Clay County,CI90LB017P_2023,17.5
1027,AL,Clay County,CI90UB017P_2023,32.5
1027,AL,Clay County,POV517_2023,489.0
1027,AL,Clay County,CI90LB517_2023,323.0
1027,AL,Clay County,CI90UB517_2023,655.0
1027,AL,Clay County,PCTPOV517_2023,22.9
1027,AL,Clay County,CI90LB517P_2023,15.1
1027,AL,Clay County,CI90UB517P_2023,30.7
1027,AL,Clay County,MEDHHINC_2023,52077.0
1027,AL,Clay County,CI90LBINC_2023,45838.0
1027,AL,Clay County,CI90UBINC_2023,58316.0
1029,AL,Cleburne County,Rural_Urban_Continuum_Code_2013,8.0
1029,AL,Cleburne County,Urban_Influence_Code_2013,4.0
1029,AL,Cleburne County,Rural_Urban_Continuum_Code_2023,8.0
1029,AL,Cleburne County,Urban_Influence_Code_2024,3.0
1029,AL,Cleburne County,POVALL_2023,2432.0
1029,AL,Cleburne County,CI90LBALL_2023,1916.0
1029,AL,Cleburne County,CI90UBALL_2023,2948.0
1029,AL,Cleburne County,PCTPOVALL_2023,15.8
1029,AL,Cleburne County,CI90LBALLP_2023,12.5
1029,AL,Cleburne County,CI90UBALLP_2023,19.1
1029,AL,Cleburne County,POV017_2023,769.0
1029,AL,Cleburne County,CI90LB017_2023,560.0
1029,AL,Cleburne County,CI90UB017_2023,978.0
1029,AL,Cleburne County,PCTPOV017_2023,21.7
1029,AL,Cleburne County,CI90LB017P_2023,15.8
1029,AL,Cleburne County,CI90UB017P_2023,27.6
1029,AL,Cleburne County,POV517_2023,529.0
1029,AL,Cleburne County,CI90LB517_2023,369.0
1029,AL,Cleburne County,CI90UB517_2023,689.0
1029,AL,Cleburne County,PCTPOV517_2023,20.1
1029,AL,Cleburne County,CI90LB517P_2023,14.0
1029,AL,Cleburne County,CI90UB517P_2023,26.2
1029,AL,Cleburne County,MEDHHINC_2023,59526.0
1029,AL,Cleburne County,CI90LBINC_2023,52148.0
1029,AL,Cleburne County,CI90UBINC_2023,66904.0
1031,AL,Coffee County,Rural_Urban_Continuum_Code_2013,4.0
1031,AL,Coffee County,Urban_Influence_Code_2013,5.0
1031,AL,Coffee County,Rural_Urban_Continuum_Code_2023,4.0
1031,AL,Coffee County,Urban_Influence_Code_2024,5.0
1031,AL,Coffee County,POVALL_2023,9055.0
1031,AL,Coffee County,CI90LBALL_2023,7810.0
1031,AL,Coffee County,CI90UBALL_2023,10300.0
1031,AL,Coffee County,PCTPOVALL_2023,16.5
1031,AL,Coffee County,CI90LBALLP_2023,14.2
1031,AL,Coffee County,CI90UBALLP_2023,18.8
1031,AL,Coffee County,POV017_2023,2769.0
1031,AL,Coffee County,CI90LB017_2023,2203.0
1031,AL,Coffee County,CI90UB017_2023,3335.0
1031,AL,Coffee County,PCTPOV017_2023,21.0
1031,AL,Coffee County,CI90LB017P_2023,16.7
1031,AL,Coffee County,CI90UB017P_2023,25.3
1031,AL,Coffee County,POV517_2023,2140.0
1031,AL,Coffee County,CI90LB517_2023,1717.0
1031,AL,Coffee County,CI90UB517_2023,2563.0
1031,AL,Coffee County,PCTPOV517_2023,21.7
1031,AL,Coffee County,CI90LB517P_2023,17.4
1031,AL,Coffee County,CI90UB517P_2023,26.0
1031,AL,Coffee County,MEDHHINC_2023,64737.0
1031,AL,Coffee County,CI90LBINC_2023,59002.0
1031,AL,Coffee County,CI90UBINC_2023,70472.0
1033,AL,Colbert County,Rural_Urban_Continuum_Code_2013,3.0
1033,AL,Colbert County,Urban_Influence_Code_2013,2.0
1033,AL,Colbert County,Rural_Urban_Continuum_Code_2023,3.0
1033,AL,Colbert County,Urban_Influence_Code_2024,4.0
1033,AL,Colbert County,POVALL_2023,8912.0
1033,AL,Colbert County,CI90LBALL_2023,7303.0
1033,AL,Colbert County,CI90UBALL_2023,10521.0
1033,AL,Colbert County,PCTPOVALL_2023,15.4
1033,AL,Colbert County,CI90LBALLP_2023,12.6
1033,AL,Colbert County,CI90UBALLP_2023,18.2
1033,AL,Colbert County,POV017_2023,2507.0
1033,AL,Colbert County,CI90LB017_2023,1832.0
1033,AL,Colbert County,CI90UB017_2023,3182.0
1033,AL,Colbert County,PCTPOV017_2023,20.5
1033,AL,Colbert County,CI90LB017P_2023,15.0
1033,AL,Colbert County,CI90UB017P_2023,26.0
1033,AL,Colbert County,POV517_2023,1771.0
1033,AL,Colbert County,CI90LB517_2023,1280.0
1033,AL,Colbert County,CI90UB517_2023,2262.0
1033,AL,Colbert County,PCTPOV517_2023,19.7
1033,AL,Colbert County,CI90LB517P_2023,14.2
1033,AL,Colbert County,CI90UB517P_2023,25.2
1033,AL,Colbert County,MEDHHINC_2023,57770.0
1033,AL,Colbert County,CI90LBINC_2023,52928.0
1033,AL,Colbert County,CI90UBINC_2023,62612.0
1035,AL,Conecuh County,Rural_Urban_Continuum_Code_2013,7.0
1035,AL,Conecuh County,Urban_Influence_Code_2013,11.0
1035,AL,Conecuh County,Rural_Urban_Continuum_Code_2023,9.0
1035,AL,Conecuh County,Urban_Influence_Code_2024,9.0
1035,AL,Conecuh County,POVALL_2023,2920.0
1035,AL,Conecuh County,CI90LBALL_2023,2317.0
1035,AL,Conecuh County,CI90UBALL_2023,3523.0
1035,AL,Conecuh County,PCTPOVALL_2023,26.5
1035,AL,Conecuh County,CI90LBALLP_2023,21.0
1035,AL,Conecuh County,CI90UBALLP_2023,32.0
1035,AL,Conecuh County,POV017_2023,961.0
1035,AL,Conecuh County,CI90LB017_2023,728.0
1035,AL,Conecuh County,CI90UB017_2023,1194.0
1035,AL,Conecuh County,PCTPOV017_2023,43.1
1035,AL,Conecuh County,CI90LB017P_2023,32.7
1035,AL,Conecuh County,CI90UB017P_2023,53.5
1035,AL,Conecuh County,POV517_2023,686.0
1035,AL,Conecuh County,CI90LB517_2023,503.0
1035,AL,Conecuh County,CI90UB517_2023,869.0
1035,AL,Conecuh County,PCTPOV517_2023,42.6
1035,AL,Conecuh County,CI90LB517P_2023,31.2
1035,AL,Conecuh County,CI90UB517P_2023,54.0
1035,AL,Conecuh County,MEDHHINC_2023,46702.0
1035,AL,Conecuh County,CI90LBINC_2023,43315.0
1035,AL,Conecuh County,CI90UBINC_2023,50089.0
1037,AL,Coosa County,Rural_Urban_Continuum_Code_2013,8.0
1037,AL,Coosa County,Urban_Influence_Code_2013,3.0
1037,AL,Coosa County,Rural_Urban_Continuum_Code_2023,8.0
1037,AL,Coosa County,Urban_Influence_Code_2024,2.0
1037,AL,Coosa County,POVALL_2023,1809.0
1037,AL,Coosa County,CI90LBALL_2023,1372.0
1037,AL,Coosa County,CI90UBALL_2023,2246.0
1037,AL,Coosa County,PCTPOVALL_2023,18.2
1037,AL,Coosa County,CI90LBALLP_2023,13.8
1037,AL,Coosa County,CI90UBALLP_2023,22.6
1037,AL,Coosa County,POV017_2023,459.0
1037,AL,Coosa County,CI90LB017_2023,315.0
1037,AL,Coosa County,CI90UB017_2023,603.0
1037,AL,Coosa County,PCTPOV017_2023,28.0
1037,AL,Coosa County,CI90LB017P_2023,19.2
1037,AL,Coosa County,CI90UB017P_2023,36.8
1037,AL,Coosa County,POV517_2023,336.0
1037,AL,Coosa County,CI90LB517_2023,224.0
1037,AL,Coosa County,CI90UB517_2023,448.0
1037,AL,Coosa County,PCTPOV517_2023,28.2
1037,AL,Coosa County,CI90LB517P_2023,18.8
1037,AL,Coosa County,CI90UB517P_2023,37.6
1037,AL,Coosa County,MEDHHINC_2023,59736.0
1037,AL,Coosa County,CI90LBINC_2023,55224.0
1037,AL,Coosa County,CI90UBINC_2023,64248.0
1039,AL,Covington County,Rural_Urban_Continuum_Code_2013,6.0
1039,AL,Covington County,Urban_Influence_Code_2013,6.0
1039,AL,Covington County,Rural_Urban_Continuum_Code_2023,6.0
1039,AL,Covington County,Urban_Influence_Code_2024,6.0
1039,AL,Covington County,POVALL_2023,6204.0
1039,AL,Covington County,CI90LBALL_2023,4848.0
1039,AL,Covington County,CI90UBALL_2023,7560.0
1039,AL,Covington County,PCTPOVALL_2023,16.7
1039,AL,Covington County,CI90LBALLP_2023,13.1
1039,AL,Covington County,CI90UBALLP_2023,20.3
1039,AL,Covington County,POV017_2023,1863.0
1039,AL,Covington County,CI90LB017_2023,1261.0
1039,AL,Covington County,CI90UB017_2023,2465.0
1039,AL,Covington County,PCTPOV017_2023,22.4
1039,AL,Covington County,CI90LB017P_2023,15.1
1039,AL,Covington County,CI90UB017P_2023,29.7
1039,AL,Covington County,POV517_2023,1346.0
1039,AL,Covington County,CI90LB517_2023,878.0
1039,AL,Covington County,CI90UB517_2023,1814.0
1039,AL,Covington County,PCTPOV517_2023,21.9
1039,AL,Covington County,CI90LB517P_2023,14.3
1039,AL,Covington County,CI90UB517P_2023,29.5
1039,AL,Covington County,MEDHHINC_2023,50119.0
1039,AL,Covington County,CI90LBINC_2023,44957.0
1039,AL,Covington County,CI90UBINC_2023,55281.0
1041,AL,Crenshaw County,Rural_Urban_Continuum_Code_2013,8.0
1041,AL,Crenshaw County,Urban_Influence_Code_2013,6.0
1041,AL,Crenshaw County,Rural_Urban_Continuum_Code_2023,8.0
1041,AL,Crenshaw County,Urban_Influence_Code_2024,6.0
1041,AL,Crenshaw County,POVALL_2023,2520.0
1041,AL,Crenshaw County,CI90LBALL_2023,1972.0
1041,AL,Crenshaw County,CI90UBALL_2023,3068.0
1041,AL,Crenshaw County,PCTPOVALL_2023,19.5
1041,AL,Crenshaw County,CI90LBALLP_2023,15.3
1041,AL,Crenshaw County,CI90UBALLP_2023,23.7
1041,AL,Crenshaw County,POV017_2023,809.0
1041,AL,Crenshaw County,CI90LB017_2023,552.0
1041,AL,Crenshaw County,CI90UB017_2023,1066.0
1041,AL,Crenshaw County,PCTPOV017_2023,27.1
1041,AL,Crenshaw County,CI90LB017P_2023,18.5
1041,AL,Crenshaw County,CI90UB017P_2023,35.7
1041,AL,Crenshaw County,POV517_2023,597.0
1041,AL,Crenshaw County,CI90LB517_2023,393.0
1041,AL,Crenshaw County,CI90UB517_2023,801.0
1041,AL,Crenshaw County,PCTPOV517_2023,26.7
1041,AL,Crenshaw County,CI90LB517P_2023,17.6
1041,AL,Crenshaw County,CI90UB517P_2023,35.8
1041,AL,Crenshaw County,MEDHHINC_2023,49128.0
1041,AL,Crenshaw County,CI90LBINC_2023,43260.0
1041,AL,Crenshaw County,CI90UBINC_2023,54996.0
1043,AL,Cullman County,Rural_Urban_Continuum_Code_2013,4.0
1043,AL,Cullman County,Urban_Influence_Code_2013,3.0
1043,AL,Cullman County,Rural_Urban_Continuum_Code_2023,4.0
1043,AL,Cullman County,Urban_Influence_Code_2024,2.0
1043,AL,Cullman County,POVALL_2023,14081.0
1043,AL,Cullman County,CI90LBALL_2023,11975.0
1043,AL,Cullman County,CI90UBALL_2023,16187.0
1043,AL,Cullman County,PCTPOVALL_2023,15.5
1043,AL,Cullman County,CI90LBALLP_2023,13.2
1043,AL,Cullman County,CI90UBALLP_2023,17.8
1043,AL,Cullman County,POV017_2023,4308.0
1043,AL,Cullman County,CI90LB017_2023,3528.0
1043,AL,Cullman County,CI90UB017_2023,5088.0
1043,AL,Cullman County,PCTPOV017_2023,21.3
1043,AL,Cullman County,CI90LB017P_2023,17.4
1043,AL,Cullman County,CI90UB017P_2023,25.2
1043,AL,Cullman County,POV517_2023,2880.0
1043,AL,Cullman County,CI90LB517_2023,2260.0
1043,AL,Cullman County,CI90UB517_2023,3500.0
1043,AL,Cullman County,PCTPOV517_2023,19.3
1043,AL,Cullman County,CI90LB517P_2023,15.1
1043,AL,Cullman County,CI90UB517P_2023,23.5
1043,AL,Cullman County,MEDHHINC_2023,61231.0
1043,AL,Cullman County,CI90LBINC_2023,54767.0
1043,AL,Cullman County,CI90UBINC_2023,67695.0
1045,AL,Dale County,Rural_Urban_Continuum_Code_2013,4.0
1045,AL,Dale County,Urban_Influence_Code_2013,5.0
1045,AL,Dale County,Rural_Urban_Continuum_Code_2023,4.0
1045,AL,Dale County,Urban_Influence_Code_2024,5.0
1045,AL,Dale County,POVALL_2023,8124.0
1045,AL,Dale County,CI90LBALL_2023,6816.0
1045,AL,Dale County,CI90UBALL_2023,9432.0
1045,AL,Dale County,PCTPOVALL_2023,16.6
1045,AL,Dale County,CI90LBALLP_2023,13.9
1045,AL,Dale County,CI90UBALLP_2023,19.3
1045,AL,Dale County,POV017_2023,2525.0
1045,AL,Dale County,CI90LB017_2023,1733.0
1045,AL,Dale County,CI90UB017_2023,3317.0
1045,AL,Dale County,PCTPOV017_2023,22.0
1045,AL,Dale County,CI90LB017P_2023,15.1
1045,AL,Dale County,CI90UB017P_2023,28.9
1045,AL,Dale County,POV517_2023,1686.0
1045,AL,Dale County,CI90LB517_2023,1108.0
1045,AL,Dale County,CI90UB517_2023,2264.0
1045,AL,Dale County,PCTPOV517_2023,20.9
1045,AL,Dale County,CI90LB517P_2023,13.7
1045,AL,Dale County,CI90UB517P_2023,28.1
1045,AL,Dale County,MEDHHINC_2023,54697.0
1045,AL,Dale County,CI90LBINC_2023,50032.0
1045,AL,Dale County,CI90UBINC_2023,59362.0
1047,AL,Dallas County,Rural_Urban_Continuum_Code_2013,4.0
1047,AL,Dallas County,Urban_Influence_Code_2013,5.0
1047,AL,Dallas County,Rural_Urban_Continuum_Code_2023,4.0
1047,AL,Dallas County,Urban_Influence_Code_2024,5.0
1047,AL,Dallas County,POVALL_2023,11197.0
1047,AL,Dallas County,CI90LBALL_2023,9216.0
1047,AL,Dallas County,CI90UBALL_2023,13178.0
1047,AL,Dallas County,PCTPOVALL_2023,31.4
1047,AL,Dallas County,CI90LBALLP_2023,25.9
1047,AL,Dallas County,CI90UBALLP_2023,36.9
1047,AL,Dallas County,POV017_2023,3819.0
1047,AL,Dallas County,CI90LB017_2023,2903.0
1047,AL,Dallas County,CI90UB017_2023,4735.0
1047,AL,Dallas County,PCTPOV017_2023,46.5
1047,AL,Dallas County,CI90LB017P_2023,35.4
1047,AL,Dallas County,CI90UB017P_2023,57.6
1047,AL,Dallas County,POV517_2023,2698.0
1047,AL,Dallas County,CI90LB517_2023,2030.0
1047,AL,Dallas County,CI90UB517_2023,3366.0
1047,AL,Dallas County,PCTPOV517_2023,44.2
1047,AL,Dallas County,CI90LB517P_2023,33.3
1047,AL,Dallas County,CI90UB517P_2023,55.1
1047,AL,Dallas County,MEDHHINC_2023,39013.0
1047,AL,Dallas County,CI90LBINC_2023,34241.0
1047,AL,Dallas County,CI90UBINC_2023,43785.0
1049,AL,DeKalb County,Rural_Urban_Continuum_Code_2013,6.0
1049,AL,DeKalb County,Urban_Influence_Code_2013,6.0
1049,AL,DeKalb County,Rural_Urban_Continuum_Code_2023,6.0
1049,AL,DeKalb County,Urban_Influence_Code_2024,5.0
1049,AL,DeKalb County,POVALL_2023,15494.0
1049,AL,DeKalb County,CI90LBALL_2023,13745.0
1049,AL,DeKalb County,CI90UBALL_2023,17243.0
1049,AL,DeKalb County,PCTPOVALL_2023,21.6
1049,AL,DeKalb County,CI90LBALLP_2023,19.2
1049,AL,DeKalb County,CI90UBALLP_2023,24.0
1049,AL,DeKalb County,POV017_2023,4885.0
1049,AL,DeKalb County,CI90LB017_2023,4096.0
1049,AL,DeKalb County,CI90UB017_2023,5674.0
1049,AL,DeKalb County,PCTPOV017_2023,28.8
1049,AL,DeKalb County,CI90LB017P_2023,24.2
1049,AL,DeKalb County,CI90UB017P_2023,33.4
1049,AL,DeKalb County,POV517_2023,3510.0
1049,AL,DeKalb County,CI90LB517_2023,2936.0
1049,AL,DeKalb County,CI90UB517_2023,4084.0
1049,AL,DeKalb County,PCTPOV517_2023,27.4
1049,AL,DeKalb County,CI90LB517P_2023,22.9
1049,AL,DeKalb County,CI90UB517P_2023,31.9
1049,AL,DeKalb County,MEDHHINC_2023,50614.0
1049,AL,DeKalb County,CI90LBINC_2023,44649.0
1049,AL,DeKalb County,CI90UBINC_2023,56579.0
1051,AL,Elmore County,Rural_Urban_Continuum_Code_2013,2.0
1051,AL,Elmore County,Urban_Influence_Code_2013,2.0
1051,AL,Elmore County,Rural_Urban_Continuum_Code_2023,2.0
1051,AL,Elmore County,Urban_Influence_Code_2024,4.0
1051,AL,Elmore County,POVALL_2023,10562.0
1051,AL,Elmore County,CI90LBALL_2023,8491.0
1051,AL,Elmore County,CI90UBALL_2023,12633.0
1051,AL,Elmore County,PCTPOVALL_2023,12.5
1051,AL,Elmore County,CI90LBALLP_2023,10.1
1051,AL,Elmore County,CI90UBALLP_2023,14.9
1051,AL,Elmore County,POV017_2023,3251.0
1051,AL,Elmore County,CI90LB017_2023,2359.0
1051,AL,Elmore County,CI90UB017_2023,4143.0
1051,AL,Elmore County,PCTPOV017_2023,17.0
1051,AL,Elmore County,CI90LB017P_2023,12.3
1051,AL,Elmore County,CI90UB017P_2023,21.7
1051,AL,Elmore County,POV517_2023,2338.0
1051,AL,Elmore County,CI90LB517_2023,1647.0
1051,AL,Elmore County,CI90UB517_2023,3029.0
1051,AL,Elmore County,PCTPOV517_2023,16.2
1051,AL,Elmore County,CI90LB517P_2023,11.4
1051,AL,Elmore County,CI90UB517P_2023,21.0
1051,AL,Elmore County,MEDHHINC_2023,73125.0
1051,AL,Elmore County,CI90LBINC_2023,67020.0
1051,AL,Elmore County,CI90UBINC_2023,79230.0
1053,AL,Escambia County,Rural_Urban_Continuum_Code_2013,6.0
1053,AL,Escambia County,Urban_Influence_Code_2013,6.0
1053,AL,Escambia County,Rural_Urban_Continuum_Code_2023,6.0
1053,AL,Escambia County,Urban_Influence_Code_2024,6.0
1053,AL,Escambia County,POVALL_2023,7331.0
1053,AL,Escambia County,CI90LBALL_2023,5713.0
1053,AL,Escambia County,CI90UBALL_2023,8949.0
1053,AL,Escambia County,PCTPOVALL_2023,21.3
1053,AL,Escambia County,CI90LBALLP_2023,16.6
1053,AL,Escambia County,CI90UBALLP_2023,26.0
1053,AL,Escambia County,POV017_2023,2365.0
1053,AL,Escambia County,CI90LB017_2023,1710.0
1053,AL,Escambia County,CI90UB017_2023,3020.0
1053,AL,Escambia County,PCTPOV017_2023,29.0
1053,AL,Escambia County,CI90LB017P_2023,21.0
1053,AL,Escambia County,CI90UB017P_2023,37.0
1053,AL,Escambia County,POV517_2023,1691.0
1053,AL,Escambia County,CI90LB517_2023,1212.0
1053,AL,Escambia County,CI90UB517_2023,2170.0
1053,AL,Escambia County,PCTPOV517_2023,28.2
1053,AL,Escambia County,CI90LB517P_2023,20.2
1053,AL,Escambia County,CI90UB517P_2023,36.2
1053,AL,Escambia County,MEDHHINC_2023,50333.0
1053,AL,Escambia County,CI90LBINC_2023,45240.0
1053,AL,Escambia County,CI90UBINC_2023,55426.0
1055,AL,Etowah County,Rural_Urban_Continuum_Code_2013,3.0
1055,AL,Etowah County,Urban_Influence_Code_2013,2.0
1055,AL,Etowah County,Rural_Urban_Continuum_Code_2023,3.0
1055,AL,Etowah County,Urban_Influence_Code_2024,4.0
1055,AL,Etowah County,POVALL_2023,19921.0
1055,AL,Etowah County,CI90LBALL_2023,17377.0
1055,AL,Etowah County,CI90UBALL_2023,22465.0
1055,AL,Etowah County,PCTPOVALL_2023,19.6
1055,AL,Etowah County,CI90LBALLP_2023,17.1
1055,AL,Etowah County,CI90UBALLP_2023,22.1
1055,AL,Etowah County,POV017_2023,5668.0
1055,AL,Etowah County,CI90LB017_2023,4519.0
1055,AL,Etowah County,CI90UB017_2023,6817.0
1055,AL,Etowah County,PCTPOV017_2023,25.5
1055,AL,Etowah County,CI90LB017P_2023,20.3
1055,AL,Etowah County,CI90UB017P_2023,30.7
1055,AL,Etowah County,POV517_2023,3810.0
1055,AL,Etowah County,CI90LB517_2023,2887.0
1055,AL,Etowah County,CI90UB517_2023,4733.0
1055,AL,Etowah County,PCTPOV517_2023,23.2
1055,AL,Etowah County,CI90LB517P_2023,17.6
1055,AL,Etowah County,CI90UB517P_2023,28.8
1055,AL,Etowah County,MEDHHINC_2023,52504.0
1055,AL,Etowah County,CI90LBINC_2023,49174.0
1055,AL,Etowah County,CI90UBINC_2023,55834.0
1057,AL,Fayette County,Rural_Urban_Continuum_Code_2013,6.0
1057,AL,Fayette County,Urban_Influence_Code_2013,6.0
1057,AL,Fayette County,Rural_Urban_Continuum_Code_2023,8.0
1057,AL,Fayette County,Urban_Influence_Code_2024,6.0
1057,AL,Fayette County,POVALL_2023,2542.0
1057,AL,Fayette County,CI90LBALL_2023,1953.0
1057,AL,Fayette County,CI90UBALL_2023,3131.0
1057,AL,Fayette County,PCTPOVALL_2023,16.2
1057,AL,Fayette County,CI90LBALLP_2023,12.4
1057,AL,Fayette County,CI90UBALLP_2023,20.0
1057,AL,Fayette County,POV017_2023,743.0
1057,AL,Fayette County,CI90LB017_2023,500.0
1057,AL,Fayette County,CI90UB017_2023,986.0
1057,AL,Fayette County,PCTPOV017_2023,22.0
1057,AL,Fayette County,CI90LB017P_2023,14.8
1057,AL,Fayette County,CI90UB017P_2023,29.2
1057,AL,Fayette County,POV517_2023,534.0
1057,AL,Fayette County,CI90LB517_2023,348.0
1057,AL,Fayette County,CI90UB517_2023,720.0
1057,AL,Fayette County,PCTPOV517_2023,21.4
1057,AL,Fayette County,CI90LB517P_2023,13.9
1057,AL,Fayette County,CI90UB517P_2023,28.9
1057,AL,Fayette County,MEDHHINC_2023,49235.0
1057,AL,Fayette County,CI90LBINC_2023,43591.0
1057,AL,Fayette County,CI90UBINC_2023,54879.0
1059,AL,Franklin County,Rural_Urban_Continuum_Code_2013,6.0
1059,AL,Franklin County,Urban_Influence_Code_2013,6.0
1059,AL,Franklin County,Rural_Urban_Continuum_Code_2023,6.0
1059,AL,Franklin County,Urban_Influence_Code_2024,5.0
1059,AL,Franklin County,POVALL_2023,7035.0
1059,AL,Franklin County,CI90LBALL_2023,6021.0
1059,AL,Franklin County,CI90UBALL_2023,8049.0
1059,AL,Franklin County,PCTPOVALL_2023,22.5
1059,AL,Franklin County,CI90LBALLP_2023,19.3
1059,AL,Franklin County,CI90UBALLP_2023,25.7
1059,AL,Franklin County,POV017_2023,2703.0
1059,AL,Franklin County,CI90LB017_2023,2353.0
1059,AL,Franklin County,CI90UB017_2023,3053.0
1059,AL,Franklin County,PCTPOV017_2023,34.4
1059,AL,Franklin County,CI90LB017P_2023,29.9
1059,AL,Franklin County,CI90UB017P_2023,38.9
1059,AL,Franklin County,POV517_2023,1302.0
1059,AL,Franklin County,CI90LB517_2023,959.0
1059,AL,Franklin County,CI90UB517_2023,1645.0
1059,AL,Franklin County,PCTPOV517_2023,22.7
1059,AL,Franklin County,CI90LB517P_2023,16.7
1059,AL,Franklin County,CI90UB517P_2023,28.7
1059,AL,Franklin County,MEDHHINC_2023,49682.0
1059,AL,Franklin County,CI90LBINC_2023,43562.0
1059,AL,Franklin County,CI90UBINC_2023,55802.0
1061,AL,Geneva County,Rural_Urban_Continuum_Code_2013,3.0
1061,AL,Geneva County,Urban_Influence_Code_2013,2.0
1061,AL,Geneva County,Rural_Urban_Continuum_Code_2023,3.0
1061,AL,Geneva County,Urban_Influence_Code_2024,4.0
1061,AL,Geneva County,POVALL_2023,5109.0
1061,AL,Geneva County,CI90LBALL_2023,4071.0
1061,AL,Geneva County,CI90UBALL_2023,6147.0
1061,AL,Geneva County,PCTPOVALL_2023,19.2
1061,AL,Geneva County,CI90LBALLP_2023,15.3
1061,AL,Geneva County,CI90UBALLP_2023,23.1
1061,AL,Geneva County,POV017_2023,1575.0
1061,AL,Geneva County,CI90LB017_2023,1131.0
1061,AL,Geneva County,CI90UB017_2023,2019.0
1061,AL,Geneva County,PCTPOV017_2023,27.0
1061,AL,Geneva County,CI90LB017P_2023,19.4
1061,AL,Geneva County,CI90UB017P_2023,34.6
1061,AL,Geneva County,POV517_2023,1086.0
1061,AL,Geneva County,CI90LB517_2023,736.0
1061,AL,Geneva County,CI90UB517_2023,1436.0
1061,AL,Geneva County,PCTPOV517_2023,24.5
1061,AL,Geneva County,CI90LB517P_2023,16.6
1061,AL,Geneva County,CI90UB517P_2023,32.4
1061,AL,Geneva County,MEDHHINC_2023,50006.0
1061,AL,Geneva County,CI90LBINC_2023,44378.0
1061,AL,Geneva County,CI90UBINC_2023,55634.0
1063,AL,Greene County,Rural_Urban_Continuum_Code_2013,8.0
1063,AL,Greene County,Urban_Influence_Code_2013,6.0
1063,AL,Greene County,Rural_Urban_Continuum_Code_2023,2.0
1063,AL,Greene County,Urban_Influence_Code_2024,4.0
1063,AL,Greene County,POVALL_2023,2255.0
1063,AL,Greene County,CI90LBALL_2023,1742.0
1063,AL,Greene County,CI90UBALL_2023,2768.0
1063,AL,Greene County,PCTPOVALL_2023,31.0
1063,AL,Greene County,CI90LBALLP_2023,23.9
1063,AL,Greene County,CI90UBALLP_2023,38.1
1063,AL,Greene County,POV017_2023,735.0
1063,AL,Greene County,CI90LB017_2023,508.0
1063,AL,Greene County,CI90UB017_2023,962.0
1063,AL,Greene County,PCTPOV017_2023,46.8
1063,AL,Greene County,CI90LB017P_2023,32.3
1063,AL,Greene County,CI90UB017P_2023,61.3
1063,AL,Greene County,POV517_2023,543.0
1063,AL,Greene County,CI90LB517_2023,366.0
1063,AL,Greene County,CI90UB517_2023,720.0
1063,AL,Greene County,PCTPOV517_2023,48.0
1063,AL,Greene County,CI90LB517P_2023,32.4
1063,AL,Greene County,CI90UB517P_2023,63.6
1063,AL,Greene County,MEDHHINC_2023,34619.0
1063,AL,Greene County,CI90LBINC_2023,30256.0
1063,AL,Greene County,CI90UBINC_2023,38982.0
1065,AL,Hale County,Rural_Urban_Continuum_Code_2013,3.0
1065,AL,Hale County,Urban_Influence_Code_2013,2.0
1065,AL,Hale County,Rural_Urban_Continuum_Code_2023,2.0
1065,AL,Hale County,Urban_Influence_Code_2024,4.0
1065,AL,Hale County,POVALL_2023,3383.0
1065,AL,Hale County,CI90LBALL_2023,2636.0
1065,AL,Hale County,CI90UBALL_2023,4130.0
1065,AL,Hale County,PCTPOVALL_2023,23.0
1065,AL,Hale County,CI90LBALLP_2023,17.9
1065,AL,Hale County,CI90UBALLP_2023,28.1
1065,AL,Hale County,POV017_2023,1159.0
1065,AL,Hale County,CI90LB017_2023,805.0
1065,AL,Hale County,CI90UB017_2023,1513.0
1065,AL,Hale County,PCTPOV017_2023,32.2
1065,AL,Hale County,CI90LB017P_2023,22.4
1065,AL,Hale County,CI90UB017P_2023,42.0
1065,AL,Hale County,POV517_2023,832.0
1065,AL,Hale County,CI90LB517_2023,568.0
1065,AL,Hale County,CI90UB517_2023,1096.0
1065,AL,Hale County,PCTPOV517_2023,31.7
1065,AL,Hale County,CI90LB517P_2023,21.6
1065,AL,Hale County,CI90UB517P_2023,41.8
1065,AL,Hale County,MEDHHINC_2023,42380.0
1065,AL,Hale County,CI90LBINC_2023,38849.0
1065,AL,Hale County,CI90UBINC_2023,45911.0
1067,AL,Henry County,Rural_Urban_Continuum_Code_2013,3.0
1067,AL,Henry County,Urban_Influence_Code_2013,2.0
1067,AL,Henry County,Rural_Urban_Continuum_Code_2023,3.0
1067,AL,Henry County,Urban_Influence_Code_2024,4.0
1067,AL,Henry County,POVALL_2023,2904.0
1067,AL,Henry County,CI90LBALL_2023,2254.0
1067,AL,Henry County,CI90UBALL_2023,3554.0
1067,AL,Henry County,PCTPOVALL_2023,16.4
1067,AL,Henry County,CI90LBALLP_2023,12.7
1067,AL,Henry County,CI90UBALLP_2023,20.1
1067,AL,Henry County,POV017_2023,820.0
1067,AL,Henry County,CI90LB017_2023,559.0
1067,AL,Henry County,CI90UB017_2023,1081.0
1067,AL,Henry County,PCTPOV017_2023,22.7
1067,AL,Henry County,CI90LB017P_2023,15.5
1067,AL,Henry County,CI90UB017P_2023,29.9
1067,AL,Henry County,POV517_2023,607.0
1067,AL,Henry County,CI90LB517_2023,406.0
1067,AL,Henry County,CI90UB517_2023,808.0
1067,AL,Henry County,PCTPOV517_2023,22.1
1067,AL,Henry County,CI90LB517P_2023,14.7
1067,AL,Henry County,CI90UB517P_2023,29.5
1067,AL,Henry County,MEDHHINC_2023,55598.0
1067,AL,Henry County,CI90LBINC_2023,49721.0
1067,AL,Henry County,CI90UBINC_2023,61475.0
1069,AL,Houston County,Rural_Urban_Continuum_Code_2013,3.0
1069,AL,Houston County,Urban_Influence_Code_2013,2.0
1069,AL,Houston County,Rural_Urban_Continuum_Code_2023,3.0
1069,AL,Houston County,Urban_Influence_Code_2024,4.0
1069,AL,Houston County,POVALL_2023,17707.0
1069,AL,Houston County,CI90LBALL_2023,15964.0
1069,AL,Houston County,CI90UBALL_2023,19450.0
1069,AL,Houston County,PCTPOVALL_2023,16.5
1069,AL,Houston County,CI90LBALLP_2023,14.9
1069,AL,Houston County,CI90UBALLP_2023,18.1
1069,AL,Houston County,POV017_2023,5982.0
1069,AL,Houston County,CI90LB017_2023,5039.0
1069,AL,Houston County,CI90UB017_2023,6925.0
1069,AL,Houston County,PCTPOV017_2023,24.6
1069,AL,Houston County,CI90LB017P_2023,20.7
1069,AL,Houston County,CI90UB017P_2023,28.5
1069,AL,Houston County,POV517_2023,4024.0
1069,AL,Houston County,CI90LB517_2023,3295.0
1069,AL,Houston County,CI90UB517_2023,4753.0
1069,AL,Houston County,PCTPOV517_2023,22.7
1069,AL,Houston County,CI90LB517P_2023,18.6
1069,AL,Houston County,CI90UB517P_2023,26.8
1069,AL,Houston County,MEDHHINC_2023,59412.0
1069,AL,Houston County,CI90LBINC_2023,56210.0
1069,AL,Houston County,CI90UBINC_2023,62614.0
1071,AL,Jackson County,Rural_Urban_Continuum_Code_2013,6.0
1071,AL,Jackson County,Urban_Influence_Code_2013,5.0
1071,AL,Jackson County,Rural_Urban_Continuum_Code_2023,6.0
1071,AL,Jackson County,Urban_Influence_Code_2024,5.0
1071,AL,Jackson County,POVALL_2023,8437.0
1071,AL,Jackson County,CI90LBALL_2023,7113.0
1071,AL,Jackson County,CI90UBALL_2023,9761.0
1071,AL,Jackson County,PCTPOVALL_2023,16.0
1071,AL,Jackson County,CI90LBALLP_2023,13.5
1071,AL,Jackson County,CI90UBALLP_2023,18.5
1071,AL,Jackson County,POV017_2023,2099.0
1071,AL,Jackson County,CI90LB017_2023,1566.0
1071,AL,Jackson County,CI90UB017_2023,2632.0
1071,AL,Jackson County,PCTPOV017_2023,19.2
1071,AL,Jackson County,CI90LB017P_2023,14.3
1071,AL,Jackson County,CI90UB017P_2023,24.1
1071,AL,Jackson County,POV517_2023,1513.0
1071,AL,Jackson County,CI90LB517_2023,1079.0
1071,AL,Jackson County,CI90UB517_2023,1947.0
1071,AL,Jackson County,PCTPOV517_2023,18.8
1071,AL,Jackson County,CI90LB517P_2023,13.4
1071,AL,Jackson County,CI90UB517P_2023,24.2
1071,AL,Jackson County,MEDHHINC_2023,51479.0
1071,AL,Jackson County,CI90LBINC_2023,48245.0
1071,AL,Jackson County,CI90UBINC_2023,54713.0
1073,AL,Jefferson County,Rural_Urban_Continuum_Code_2013,1.0
1073,AL,Jefferson County,Urban_Influence_Code_2013,1.0
1073,AL,Jefferson County,Rural_Urban_Continuum_Code_2023,1.0
1073,AL,Jefferson County,Urban_Influence_Code_2024,1.0
1073,AL,Jefferson County,POVALL_2023,103120.0
1073,AL,Jefferson County,CI90LBALL_2023,93558.0
1073,AL,Jefferson County,CI90UBALL_2023,112682.0
1073,AL,Jefferson County,PCTPOVALL_2023,16.0
1073,AL,Jefferson County,CI90LBALLP_2023,14.5
1073,AL,Jefferson County,CI90UBALLP_2023,17.5
1073,AL,Jefferson County,POV017_2023,31910.0
1073,AL,Jefferson County,CI90LB017_2023,27297.0
1073,AL,Jefferson County,CI90UB017_2023,36523.0
1073,AL,Jefferson County,PCTPOV017_2023,21.5
1073,AL,Jefferson County,CI90LB017P_2023,18.4
1073,AL,Jefferson County,CI90UB017P_2023,24.6
1073,AL,Jefferson County,POV517_2023,23439.0
1073,AL,Jefferson County,CI90LB517_2023,19919.0
1073,AL,Jefferson County,CI90UB517_2023,26959.0
1073,AL,Jefferson County,PCTPOV517_2023,21.4
1073,AL,Jefferson County,CI90LB517P_2023,18.2
1073,AL,Jefferson County,CI90UB517P_2023,24.6
1073,AL,Jefferson County,MEDHHINC_2023,64726.0
1073,AL,Jefferson County,CI90LBINC_2023,61862.0
1073,AL,Jefferson County,CI90UBINC_2023,67590.0
1075,AL,Lamar County,Rural_Urban_Continuum_Code_2013,8.0
1075,AL,Lamar County,Urban_Influence_Code_2013,7.0
1075,AL,Lamar County,Rural_Urban_Continuum_Code_2023,8.0
1075,AL,Lamar County,Urban_Influence_Code_2024,6.0
1075,AL,Lamar County,POVALL_2023,2217.0
1075,AL,Lamar County,CI90LBALL_2023,1691.0
1075,AL,Lamar County,CI90UBALL_2023,2743.0
1075,AL,Lamar County,PCTPOVALL_2023,16.4
1075,AL,Lamar County,CI90LBALLP_2023,12.5
1075,AL,Lamar County,CI90UBALLP_2023,20.3
1075,AL,Lamar County,POV017_2023,685.0
1075,AL,Lamar County,CI90LB017_2023,476.0
1075,AL,Lamar County,CI90UB017_2023,894.0
1075,AL,Lamar County,PCTPOV017_2023,23.0
1075,AL,Lamar County,CI90LB017P_2023,16.0
1075,AL,Lamar County,CI90UB017P_2023,30.0
1075,AL,Lamar County,POV517_2023,482.0
1075,AL,Lamar County,CI90LB517_2023,320.0
1075,AL,Lamar County,CI90UB517_2023,644.0
1075,AL,Lamar County,PCTPOV517_2023,22.2
1075,AL,Lamar County,CI90LB517P_2023,14.7
1075,AL,Lamar County,CI90UB517P_2023,29.7
1075,AL,Lamar County,MEDHHINC_2023,50929.0
1075,AL,Lamar County,CI90LBINC_2023,44791.0
1075,AL,Lamar County,CI90UBINC_2023,57067.0
1077,AL,Lauderdale County,Rural_Urban_Continuum_Code_2013,3.0
1077,AL,Lauderdale County,Urban_Influence_Code_2013,2.0
1077,AL,Lauderdale County,Rural_Urban_Continuum_Code_2023,3.0
1077,AL,Lauderdale County,Urban_Influence_Code_2024,4.0
1077,AL,Lauderdale County,POVALL_2023,12563.0
1077,AL,Lauderdale County,CI90LBALL_2023,10012.0
1077,AL,Lauderdale County,CI90UBALL_2023,15114.0
1077,AL,Lauderdale County,PCTPOVALL_2023,13.6
1077,AL,Lauderdale County,CI90LBALLP_2023,10.8
1077,AL,Lauderdale County,CI90UBALLP_2023,16.4
1077,AL,Lauderdale County,POV017_2023,3063.0
1077,AL,Lauderdale County,CI90LB017_2023,2084.0
1077,AL,Lauderdale County,CI90UB017_2023,4042.0
1077,AL,Lauderdale County,PCTPOV017_2023,16.8
1077,AL,Lauderdale County,CI90LB017P_2023,11.4
1077,AL,Lauderdale County,CI90UB017P_2023,22.2
1077,AL,Lauderdale County,POV517_2023,2243.0
1077,AL,Lauderdale County,CI90LB517_2023,1483.0
1077,AL,Lauderdale County,CI90UB517_2023,3003.0
1077,AL,Lauderdale County,PCTPOV517_2023,16.6
1077,AL,Lauderdale County,CI90LB517P_2023,11.0
1077,AL,Lauderdale County,CI90UB517P_2023,22.2
1077,AL,Lauderdale County,MEDHHINC_2023,63895.0
1077,AL,Lauderdale County,CI90LBINC_2023,59600.0
1077,AL,Lauderdale County,CI90UBINC_2023,68190.0
1079,AL,Lawrence County,Rural_Urban_Continuum_Code_2013,3.0
1079,AL,Lawrence County,Urban_Influence_Code_2013,2.0
1079,AL,Lawrence County,Rural_Urban_Continuum_Code_2023,3.0
1079,AL,Lawrence County,Urban_Influence_Code_2024,4.0
1079,AL,Lawrence County,POVALL_2023,4710.0
1079,AL,Lawrence County,CI90LBALL_2023,3642.0
1079,AL,Lawrence County,CI90UBALL_2023,5778.0
1079,AL,Lawrence County,PCTPOVALL_2023,14.2
1079,AL,Lawrence County,CI90LBALLP_2023,11.0
1079,AL,Lawrence County,CI90UBALLP_2023,17.4
1079,AL,Lawrence County,POV017_2023,1384.0
1079,AL,Lawrence County,CI90LB017_2023,951.0
1079,AL,Lawrence County,CI90UB017_2023,1817.0
1079,AL,Lawrence County,PCTPOV017_2023,19.2
1079,AL,Lawrence County,CI90LB017P_2023,13.2
1079,AL,Lawrence County,CI90UB017P_2023,25.2
1079,AL,Lawrence County,POV517_2023,1011.0
1079,AL,Lawrence County,CI90LB517_2023,667.0
1079,AL,Lawrence County,CI90UB517_2023,1355.0
1079,AL,Lawrence County,PCTPOV517_2023,18.8
1079,AL,Lawrence County,CI90LB517P_2023,12.4
1079,AL,Lawrence County,CI90UB517P_2023,25.2
1079,AL,Lawrence County,MEDHHINC_2023,61064.0
1079,AL,Lawrence County,CI90LBINC_2023,55014.0
1079,AL,Lawrence County,CI90UBINC_2023,67114.0
1081,AL,Lee County,Rural_Urban_Continuum_Code_2013,3.0
1081,AL,Lee County,Urban_Influence_Code_2013,2.0
1081,AL,Lee County,Rural_Urban_Continuum_Code_2023,3.0
1081,AL,Lee County,Urban_Influence_Code_2024,4.0
1081,AL,Lee County,POVALL_2023,31839.0
1081,AL,Lee County,CI90LBALL_2023,28753.0
1081,AL,Lee County,CI90UBALL_2023,34925.0
1081,AL,Lee County,PCTPOVALL_2023,17.9
1081,AL,Lee County,CI90LBALLP_2023,16.2
1081,AL,Lee County,CI90UBALLP_2023,19.6
1081,AL,Lee County,POV017_2023,5610.0
1081,AL,Lee County,CI90LB017_2023,4076.0
1081,AL,Lee County,CI90UB017_2023,7144.0
1081,AL,Lee County,PCTPOV017_2023,14.9
1081,AL,Lee County,CI90LB017P_2023,10.8
1081,AL,Lee County,CI90UB017P_2023,19.0
1081,AL,Lee County,POV517_2023,3920.0
1081,AL,Lee County,CI90LB517_2023,2754.0
1081,AL,Lee County,CI90UB517_2023,5086.0
1081,AL,Lee County,PCTPOV517_2023,14.0
1081,AL,Lee County,CI90LB517P_2023,9.8
1081,AL,Lee County,CI90UB517P_2023,18.2
1081,AL,Lee County,MEDHHINC_2023,62301.0
1081,AL,Lee County,CI90LBINC_2023,57268.0
1081,AL,Lee County,CI90UBINC_2023,67334.0
1083,AL,Limestone County,Rural_Urban_Continuum_Code_2013,2.0
1083,AL,Limestone County,Urban_Influence_Code_2013,2.0
1083,AL,Limestone County,Rural_Urban_Continuum_Code_2023,2.0
1083,AL,Limestone County,Urban_Influence_Code_2024,4.0
1083,AL,Limestone County,POVALL_2023,9604.0
1083,AL,Limestone County,CI90LBALL_2023,7604.0
1083,AL,Limestone County,CI90UBALL_2023,11604.0
1083,AL,Limestone County,PCTPOVALL_2023,8.6
1083,AL,Limestone County,CI90LBALLP_2023,6.8
1083,AL,Limestone County,CI90UBALLP_2023,10.4
1083,AL,Limestone County,POV017_2023,2795.0
1083,AL,Limestone County,CI90LB017_2023,1974.0
1083,AL,Limestone County,CI90UB017_2023,3616.0
1083,AL,Limestone County,PCTPOV017_2023,11.3
1083,AL,Limestone County,CI90LB017P_2023,8.0
1083,AL,Limestone County,CI90UB017P_2023,14.6
1083,AL,Limestone County,POV517_2023,1907.0
1083,AL,Limestone County,CI90LB517_2023,1289.0
1083,AL,Limestone County,CI90UB517_2023,2525.0
1083,AL,Limestone County,PCTPOV517_2023,10.3
1083,AL,Limestone County,CI90LB517P_2023,7.0
1083,AL,Limestone County,CI90UB517P_2023,13.6
1083,AL,Limestone County,MEDHHINC_2023,81811.0
1083,AL,Limestone County,CI90LBINC_2023,77874.0
1083,AL,Limestone County,CI90UBINC_2023,85748.0
1085,AL,Lowndes County,Rural_Urban_Continuum_Code_2013,2.0
1085,AL,Lowndes County,Urban_Influence_Code_2013,2.0
1085,AL,Lowndes County,Rural_Urban_Continuum_Code_2023,2.0
1085,AL,Lowndes County,Urban_Influence_Code_2024,4.0
1085,AL,Lowndes County,POVALL_2023,2799.0
1085,AL,Lowndes County,CI90LBALL_2023,2257.0
1085,AL,Lowndes County,CI90UBALL_2023,3341.0
1085,AL,Lowndes County,PCTPOVALL_2023,29.4
1085,AL,Lowndes County,CI90LBALLP_2023,23.7
1085,AL,Lowndes County,CI90UBALLP_2023,35.1
1085,AL,Lowndes County,POV017_2023,894.0
1085,AL,Lowndes County,CI90LB017_2023,639.0
1085,AL,Lowndes County,CI90UB017_2023,1149.0
1085,AL,Lowndes County,PCTPOV017_2023,42.1
1085,AL,Lowndes County,CI90LB017P_2023,30.1
1085,AL,Lowndes County,CI90UB017P_2023,54.1
1085,AL,Lowndes County,POV517_2023,686.0
1085,AL,Lowndes County,CI90LB517_2023,488.0
1085,AL,Lowndes County,CI90UB517_2023,884.0
1085,AL,Lowndes County,PCTPOV517_2023,44.7
1085,AL,Lowndes County,CI90LB517P_2023,31.8
1085,AL,Lowndes County,CI90UB517P_2023,57.6
1085,AL,Lowndes County,MEDHHINC_2023,42011.0
1085,AL,Lowndes County,CI90LBINC_2023,36781.0
1085,AL,Lowndes County,CI90UBINC_2023,47241.0
1087,AL,Macon County,Rural_Urban_Continuum_Code_2013,6.0
1087,AL,Macon County,Urban_Influence_Code_2013,6.0
1087,AL,Macon County,Rural_Urban_Continuum_Code_2023,3.0
1087,AL,Macon County,Urban_Influence_Code_2024,4.0
1087,AL,Macon County,POVALL_2023,4712.0
1087,AL,Macon County,CI90LBALL_2023,3605.0
1087,AL,Macon County,CI90UBALL_2023,5819.0
1087,AL,Macon County,PCTPOVALL_2023,28.8
1087,AL,Macon County,CI90LBALLP_2023,22.0
1087,AL,Macon County,CI90UBALLP_2023,35.6
1087,AL,Macon County,POV017_2023,1201.0
1087,AL,Macon County,CI90LB017_2023,829.0
1087,AL,Macon County,CI90UB017_2023,1573.0
1087,AL,Macon County,PCTPOV017_2023,40.6
1087,AL,Macon County,CI90LB017P_2023,28.0
1087,AL,Macon County,CI90UB017P_2023,53.2
1087,AL,Macon County,POV517_2023,876.0
1087,AL,Macon County,CI90LB517_2023,581.0
1087,AL,Macon County,CI90UB517_2023,1171.0
1087,AL,Macon County,PCTPOV517_2023,41.0
1087,AL,Macon County,CI90LB517P_2023,27.2
1087,AL,Macon County,CI90UB517P_2023,54.8
1087,AL,Macon County,MEDHHINC_2023,40710.0
1087,AL,Macon County,CI90LBINC_2023,36252.0
1087,AL,Macon County,CI90UBINC_2023,45168.0
1091,AL,Marengo County,Rural_Urban_Continuum_Code_2013,7.0
1091,AL,Marengo County,Urban_Influence_Code_2013,11.0
1091,AL,Marengo County,Rural_Urban_Continuum_Code_2023,6.0
1091,AL,Marengo County,Urban_Influence_Code_2024,6.0
1091,AL,Marengo County,POVALL_2023,4335.0
1091,AL,Marengo County,CI90LBALL_2023,3478.0
1091,AL,Marengo County,CI90UBALL_2023,5192.0
1091,AL,Marengo County,PCTPOVALL_2023,23.5
1091,AL,Marengo County,CI90LBALLP_2023,18.9
1091,AL,Marengo County,CI90UBALLP_2023,28.1
1091,AL,Marengo County,POV017_2023,1369.0
1091,AL,Marengo County,CI90LB017_2023,960.0
1091,AL,Marengo County,CI90UB017_2023,1778.0
1091,AL,Marengo County,PCTPOV017_2023,33.1
1091,AL,Marengo County,CI90LB017P_2023,23.2
1091,AL,Marengo County,CI90UB017P_2023,43.0
1091,AL,Marengo County,POV517_2023,956.0
1091,AL,Marengo County,CI90LB517_2023,635.0
1091,AL,Marengo County,CI90UB517_2023,1277.0
1091,AL,Marengo County,PCTPOV517_2023,30.9
1091,AL,Marengo County,CI90LB517P_2023,20.5
1091,AL,Marengo County,CI90UB517P_2023,41.3
1091,AL,Marengo County,MEDHHINC_2023,47228.0
1091,AL,Marengo County,CI90LBINC_2023,41172.0
1091,AL,Marengo County,CI90UBINC_2023,53284.0
1093,AL,Marion County,Rural_Urban_Continuum_Code_2013,7.0
1093,AL,Marion County,Urban_Influence_Code_2013,11.0
1093,AL,Marion County,Rural_Urban_Continuum_Code_2023,9.0
1093,AL,Marion County,Urban_Influence_Code_2024,8.0
1093,AL,Marion County,POVALL_2023,5415.0
1093,AL,Marion County,CI90LBALL_2023,4457.0
1093,AL,Marion County,CI90UBALL_2023,6373.0
1093,AL,Marion County,PCTPOVALL_2023,19.0
1093,AL,Marion County,CI90LBALLP_2023,15.6
1093,AL,Marion County,CI90UBALLP_2023,22.4
1093,AL,Marion County,POV017_2023,1464.0
1093,AL,Marion County,CI90LB017_2023,1085.0
1093,AL,Marion County,CI90UB017_2023,1843.0
1093,AL,Marion County,PCTPOV017_2023,24.3
1093,AL,Marion County,CI90LB017P_2023,18.0
1093,AL,Marion County,CI90UB017P_2023,30.6
1093,AL,Marion County,POV517_2023,1000.0
1093,AL,Marion County,CI90LB517_2023,702.0
1093,AL,Marion County,CI90UB517_2023,1298.0
1093,AL,Marion County,PCTPOV517_2023,22.5
1093,AL,Marion County,CI90LB517P_2023,15.8
1093,AL,Marion County,CI90UB517P_2023,29.2
1093,AL,Marion County,MEDHHINC_2023,48829.0
1093,AL,Marion County,CI90LBINC_2023,43293.0
1093,AL,Marion County,CI90UBINC_2023,54365.0
1095,AL,Marshall County,Rural_Urban_Continuum_Code_2013,4.0
1095,AL,Marshall County,Urban_Influence_Code_2013,5.0
1095,AL,Marshall County,Rural_Urban_Continuum_Code_2023,4.0
1095,AL,Marshall County,Urban_Influence_Code_2024,5.0
1095,AL,Marshall County,POVALL_2023,16432.0
1095,AL,Marshall County,CI90LBALL_2023,14276.0
1095,AL,Marshall County,CI90UBALL_2023,18588.0
1095,AL,Marshall County,PCTPOVALL_2023,16.5
1095,AL,Marshall County,CI90LBALLP_2023,14.3
1095,AL,Marshall County,CI90UBALLP_2023,18.7
1095,AL,Marshall County,POV017_2023,5516.0
1095,AL,Marshall County,CI90LB017_2023,4346.0
1095,AL,Marshall County,CI90UB017_2023,6686.0
1095,AL,Marshall County,PCTPOV017_2023,21.5
1095,AL,Marshall County,CI90LB017P_2023,16.9
1095,AL,Marshall County,CI90UB017P_2023,26.1
1095,AL,Marshall County,POV517_2023,3674.0
1095,AL,Marshall County,CI90LB517_2023,2728.0
1095,AL,Marshall County,CI90UB517_2023,4620.0
1095,AL,Marshall County,PCTPOV517_2023,20.0
1095,AL,Marshall County,CI90LB517P_2023,14.8
1095,AL,Marshall County,CI90UB517P_2023,25.2
1095,AL,Marshall County,MEDHHINC_2023,59882.0
1095,AL,Marshall County,CI90LBINC_2023,55549.0
1095,AL,Marshall County,CI90UBINC_2023,64215.0
1097,AL,Mobile County,Rural_Urban_Continuum_Code_2013,2.0
1097,AL,Mobile County,Urban_Influence_Code_2013,2.0
1097,AL,Mobile County,Rural_Urban_Continuum_Code_2023,2.0
1097,AL,Mobile County,Urban_Influence_Code_2024,4.0
1097,AL,Mobile County,POVALL_2023,65684.0
1097,AL,Mobile County,CI90LBALL_2023,58161.0
1097,AL,Mobile County,CI90UBALL_2023,73207.0
1097,AL,Mobile County,PCTPOVALL_2023,16.3
1097,AL,Mobile County,CI90LBALLP_2023,14.4
1097,AL,Mobile County,CI90UBALLP_2023,18.2
1097,AL,Mobile County,POV017_2023,23306.0
1097,AL,Mobile County,CI90LB017_2023,19136.0
1097,AL,Mobile County,CI90UB017_2023,27476.0
1097,AL,Mobile County,PCTPOV017_2023,24.8
1097,AL,Mobile County,CI90LB017P_2023,20.4
1097,AL,Mobile County,CI90UB017P_2023,29.2
1097,AL,Mobile County,POV517_2023,16432.0
1097,AL,Mobile County,CI90LB517_2023,13322.0
1097,AL,Mobile County,CI90UB517_2023,19542.0
1097,AL,Mobile County,PCTPOV517_2023,24.1
1097,AL,Mobile County,CI90LB517P_2023,19.5
1097,AL,Mobile County,CI90UB517P_2023,28.7
1097,AL,Mobile County,MEDHHINC_2023,55538.0
1097,AL,Mobile County,CI90LBINC_2023,52899.0
1097,AL,Mobile County,CI90UBINC_2023,58177.0
1099,AL,Monroe County,Rural_Urban_Continuum_Code_2013,7.0
1099,AL,Monroe County,Urban_Influence_Code_2013,11.0
1099,AL,Monroe County,Rural_Urban_Continuum_Code_2023,8.0
1099,AL,Monroe County,Urban_Influence_Code_2024,6.0
1099,AL,Monroe County,POVALL_2023,3627.0
1099,AL,Monroe County,CI90LBALL_2023,2777.0
1099,AL,Monroe County,CI90UBALL_2023,4477.0
1099,AL,Monroe County,PCTPOVALL_2023,19.1
1099,AL,Monroe County,CI90LBALLP_2023,14.6
1099,AL,Monroe County,CI90UBALLP_2023,23.6
1099,AL,Monroe County,POV017_2023,1113.0
1099,AL,Monroe County,CI90LB017_2023,727.0
1099,AL,Monroe County,CI90UB017_2023,1499.0
1099,AL,Monroe County,PCTPOV017_2023,27.9
1099,AL,Monroe County,CI90LB017P_2023,18.2
1099,AL,Monroe County,CI90UB017P_2023,37.6
1099,AL,Monroe County,POV517_2023,814.0
1099,AL,Monroe County,CI90LB517_2023,509.0
1099,AL,Monroe County,CI90UB517_2023,1119.0
1099,AL,Monroe County,PCTPOV517_2023,27.7
1099,AL,Monroe County,CI90LB517P_2023,17.3
1099,AL,Monroe County,CI90UB517P_2023,38.1
1099,AL,Monroe County,MEDHHINC_2023,49314.0
1099,AL,Monroe County,CI90LBINC_2023,43688.0
1099,AL,Monroe County,CI90UBINC_2023,54940.0
1101,AL,Montgomery County,Rural_Urban_Continuum_Code_2013,2.0
1101,AL,Montgomery County,Urban_Influence_Code_2013,2.0
1101,AL,Montgomery County,Rural_Urban_Continuum_Code_2023,2.0
1101,AL,Montgomery County,Urban_Influence_Code_2024,4.0
1101,AL,Montgomery County,POVALL_2023,39395.0
1101,AL,Montgomery County,CI90LBALL_2023,34121.0
1101,AL,Montgomery County,CI90UBALL_2023,44669.0
1101,AL,Montgomery County,PCTPOVALL_2023,18.3
1101,AL,Montgomery County,CI90LBALLP_2023,15.9
1101,AL,Montgomery County,CI90UBALLP_2023,20.7
1101,AL,Montgomery County,POV017_2023,13820.0
1101,AL,Montgomery County,CI90LB017_2023,11046.0
1101,AL,Montgomery County,CI90UB017_2023,16594.0
1101,AL,Montgomery County,PCTPOV017_2023,26.0
1101,AL,Montgomery County,CI90LB017P_2023,20.8
1101,AL,Montgomery County,CI90UB017P_2023,31.2
1101,AL,Montgomery County,POV517_2023,9390.0
1101,AL,Montgomery County,CI90LB517_2023,7172.0
1101,AL,Montgomery County,CI90UB517_2023,11608.0
1101,AL,Montgomery County,PCTPOV517_2023,24.5
1101,AL,Montgomery County,CI90LB517P_2023,18.7
1101,AL,Montgomery County,CI90UB517P_2023,30.3
1101,AL,Montgomery County,MEDHHINC_2023,60063.0
1101,AL,Montgomery County,CI90LBINC_2023,56591.0
1101,AL,Montgomery County,CI90UBINC_2023,63535.0
1103,AL,Morgan County,Rural_Urban_Continuum_Code_2013,3.0
1103,AL,Morgan County,Urban_Influence_Code_2013,2.0
1103,AL,Morgan County,Rural_Urban_Continuum_Code_2023,3.0
1103,AL,Morgan County,Urban_Influence_Code_2024,4.0
1103,AL,Morgan County,POVALL_2023,14759.0
1103,AL,Morgan County,CI90LBALL_2023,11718.0
1103,AL,Morgan County,CI90UBALL_2023,17800.0
1103,AL,Morgan County,PCTPOVALL_2023,12.0
1103,AL,Morgan County,CI90LBALLP_2023,9.5
1103,AL,Morgan County,CI90UBALLP_2023,14.5
1103,AL,Morgan County,POV017_2023,4799.0
1103,AL,Morgan County,CI90LB017_2023,3340.0
1103,AL,Morgan County,CI90UB017_2023,6258.0
1103,AL,Morgan County,PCTPOV017_2023,16.8
1103,AL,Morgan County,CI90LB017P_2023,11.7
1103,AL,Morgan County,CI90UB017P_2023,21.9
1103,AL,Morgan County,POV517_2023,3497.0
1103,AL,Morgan County,CI90LB517_2023,2401.0
1103,AL,Morgan County,CI90UB517_2023,4593.0
1103,AL,Morgan County,PCTPOV517_2023,16.5
1103,AL,Morgan County,CI90LB517P_2023,11.3
1103,AL,Morgan County,CI90UB517P_2023,21.7
1103,AL,Morgan County,MEDHHINC_2023,70387.0
1103,AL,Morgan County,CI90LBINC_2023,64678.0
1103,AL,Morgan County,CI90UBINC_2023,76096.0
1105,AL,Perry County,Rural_Urban_Continuum_Code_2013,8.0
1105,AL,Perry County,Urban_Influence_Code_2013,4.0
1105,AL,Perry County,Rural_Urban_Continuum_Code_2023,8.0
1105,AL,Perry County,Urban_Influence_Code_2024,3.0
1105,AL,Perry County,POVALL_2023,2501.0
1105,AL,Perry County,CI90LBALL_2023,1951.0
1105,AL,Perry County,CI90UBALL_2023,3051.0
1105,AL,Perry County,PCTPOVALL_2023,33.8
1105,AL,Perry County,CI90LBALLP_2023,26.4
1105,AL,Perry County,CI90UBALLP_2023,41.2
1105,AL,Perry County,POV017_2023,823.0
1105,AL,Perry County,CI90LB017_2023,576.0
1105,AL,Perry County,CI90UB017_2023,1070.0
1105,AL,Perry County,PCTPOV017_2023,50.3
1105,AL,Perry County,CI90LB017P_2023,35.2
1105,AL,Perry County,CI90UB017P_2023,65.4
1105,AL,Perry County,POV517_2023,630.0
1105,AL,Perry County,CI90LB517_2023,433.0
1105,AL,Perry County,CI90UB517_2023,827.0
1105,AL,Perry County,PCTPOV517_2023,53.0
1105,AL,Perry County,CI90LB517P_2023,36.4
1105,AL,Perry County,CI90UB517P_2023,69.6
1105,AL,Perry County,MEDHHINC_2023,34176.0
1105,AL,Perry County,CI90LBINC_2023,29744.0
1105,AL,Perry County,CI90UBINC_2023,38608.0
1107,AL,Pickens County,Rural_Urban_Continuum_Code_2013,3.0
1107,AL,Pickens County,Urban_Influence_Code_2013,2.0
1107,AL,Pickens County,Rural_Urban_Continuum_Code_2023,2.0
1107,AL,Pickens County,Urban_Influence_Code_2024,4.0
1107,AL,Pickens County,POVALL_2023,3587.0
1107,AL,Pickens County,CI90LBALL_2023,2697.0
1107,AL,Pickens County,CI90UBALL_2023,4477.0
1107,AL,Pickens County,PCTPOVALL_2023,21.5
1107,AL,Pickens County,CI90LBALLP_2023,16.2
1107,AL,Pickens County,CI90UBALLP_2023,26.8
1107,AL,Pickens County,POV017_2023,1049.0
1107,AL,Pickens County,CI90LB017_2023,710.0
1107,AL,Pickens County,CI90UB017_2023,1388.0
1107,AL,Pickens County,PCTPOV017_2023,30.3
1107,AL,Pickens County,CI90LB017P_2023,20.5
1107,AL,Pickens County,CI90UB017P_2023,40.1
1107,AL,Pickens County,POV517_2023,781.0
1107,AL,Pickens County,CI90LB517_2023,513.0
1107,AL,Pickens County,CI90UB517_2023,1049.0
1107,AL,Pickens County,PCTPOV517_2023,30.2
1107,AL,Pickens County,CI90LB517P_2023,19.8
1107,AL,Pickens County,CI90UB517P_2023,40.6
1107,AL,Pickens County,MEDHHINC_2023,47372.0
1107,AL,Pickens County,CI90LBINC_2023,41270.0
1107,AL,Pickens County,CI90UBINC_2023,53474.0
1109,AL,Pike County,Rural_Urban_Continuum_Code_2013,6.0
1109,AL,Pike County,Urban_Influence_Code_2013,5.0
1109,AL,Pike County,Rural_Urban_Continuum_Code_2023,6.0
1109,AL,Pike County,Urban_Influence_Code_2024,5.0
1109,AL,Pike County,POVALL_2023,7364.0
1109,AL,Pike County,CI90LBALL_2023,6106.0
1109,AL,Pike County,CI90UBALL_2023,8622.0
1109,AL,Pike County,PCTPOVALL_2023,23.8
1109,AL,Pike County,CI90LBALLP_2023,19.7
1109,AL,Pike County,CI90UBALLP_2023,27.9
1109,AL,Pike County,POV017_2023,2073.0
1109,AL,Pike County,CI90LB017_2023,1578.0
1109,AL,Pike County,CI90UB017_2023,2568.0
1109,AL,Pike County,PCTPOV017_2023,32.5
1109,AL,Pike County,CI90LB017P_2023,24.7
1109,AL,Pike County,CI90UB017P_2023,40.3
1109,AL,Pike County,POV517_2023,1640.0
1109,AL,Pike County,CI90LB517_2023,1289.0
1109,AL,Pike County,CI90UB517_2023,1991.0
1109,AL,Pike County,PCTPOV517_2023,35.7
1109,AL,Pike County,CI90LB517P_2023,28.1
1109,AL,Pike County,CI90UB517P_2023,43.3
1109,AL,Pike County,MEDHHINC_2023,50675.0
1109,AL,Pike County,CI90LBINC_2023,45473.0
1109,AL,Pike County,CI90UBINC_2023,55877.0
1111,AL,Randolph County,Rural_Urban_Continuum_Code_2013,6.0
1111,AL,Randolph County,Urban_Influence_Code_2013,4.0
1111,AL,Randolph County,Rural_Urban_Continuum_Code_2023,8.0
1111,AL,Randolph County,Urban_Influence_Code_2024,3.0
1111,AL,Randolph County,POVALL_2023,3508.0
1111,AL,Randolph County,CI90LBALL_2023,2628.0
1111,AL,Randolph County,CI90UBALL_2023,4388.0
1111,AL,Randolph County,PCTPOVALL_2023,15.9
1111,AL,Randolph County,CI90LBALLP_2023,11.9
1111,AL,Randolph County,CI90UBALLP_2023,19.9
1111,AL,Randolph County,POV017_2023,1179.0
1111,AL,Randolph County,CI90LB017_2023,789.0
1111,AL,Randolph County,CI90UB017_2023,1569.0
1111,AL,Randolph County,PCTPOV017_2023,25.0
1111,AL,Randolph County,CI90LB017P_2023,16.7
1111,AL,Randolph County,CI90UB017P_2023,33.3
1111,AL,Randolph County,POV517_2023,876.0
1111,AL,Randolph County,CI90LB517_2023,571.0
1111,AL,Randolph County,CI90UB517_2023,1181.0
1111,AL,Randolph County,PCTPOV517_2023,25.1
1111,AL,Randolph County,CI90LB517P_2023,16.4
1111,AL,Randolph County,CI90UB517P_2023,33.8
1111,AL,Randolph County,MEDHHINC_2023,57148.0
1111,AL,Randolph County,CI90LBINC_2023,52026.0
1111,AL,Randolph County,CI90UBINC_2023,62270.0
1113,AL,Russell County,Rural_Urban_Continuum_Code_2013,2.0
1113,AL,Russell County,Urban_Influence_Code_2013,2.0
1113,AL,Russell County,Rural_Urban_Continuum_Code_2023,2.0
1113,AL,Russell County,Urban_Influence_Code_2024,4.0
1113,AL,Russell County,POVALL_2023,10957.0
1113,AL,Russell County,CI90LBALL_2023,8715.0
1113,AL,Russell County,CI90UBALL_2023,13199.0
1113,AL,Russell County,PCTPOVALL_2023,18.9
1113,AL,Russell County,CI90LBALLP_2023,15.0
1113,AL,Russell County,CI90UBALLP_2023,22.8
1113,AL,Russell County,POV017_2023,3785.0
1113,AL,Russell County,CI90LB017_2023,2689.0
1113,AL,Russell County,CI90UB017_2023,4881.0
1113,AL,Russell County,PCTPOV017_2023,26.7
1113,AL,Russell County,CI90LB017P_2023,19.0
1113,AL,Russell County,CI90UB017P_2023,34.4
1113,AL,Russell County,POV517_2023,2594.0
1113,AL,Russell County,CI90LB517_2023,1766.0
1113,AL,Russell County,CI90UB517_2023,3422.0
1113,AL,Russell County,PCTPOV517_2023,25.2
1113,AL,Russell County,CI90LB517P_2023,17.2
1113,AL,Russell County,CI90UB517P_2023,33.2
1113,AL,Russell County,MEDHHINC_2023,52312.0
1113,AL,Russell County,CI90LBINC_2023,48106.0
1113,AL,Russell County,CI90UBINC_2023,56518.0
1115,AL,St. Clair County,Rural_Urban_Continuum_Code_2013,1.0
1115,AL,St. Clair County,Urban_Influence_Code_2013,1.0
1115,AL,St. Clair County,Rural_Urban_Continuum_Code_2023,1.0
1115,AL,St. Clair County,Urban_Influence_Code_2024,1.0
1115,AL,St. Clair County,POVALL_2023,10089.0
1115,AL,St. Clair County,CI90LBALL_2023,7883.0
1115,AL,St. Clair County,CI90UBALL_2023,12295.0
1115,AL,St. Clair County,PCTPOVALL_2023,10.8
1115,AL,St. Clair County,CI90LBALLP_2023,8.4
1115,AL,St. Clair County,CI90UBALLP_2023,13.2
1115,AL,St. Clair County,POV017_2023,2964.0
1115,AL,St. Clair County,CI90LB017_2023,2052.0
1115,AL,St. Clair County,CI90UB017_2023,3876.0
1115,AL,St. Clair County,PCTPOV017_2023,14.3
1115,AL,St. Clair County,CI90LB017P_2023,9.9
1115,AL,St. Clair County,CI90UB017P_2023,18.7
1115,AL,St. Clair County,POV517_2023,2106.0
1115,AL,St. Clair County,CI90LB517_2023,1400.0
1115,AL,St. Clair County,CI90UB517_2023,2812.0
1115,AL,St. Clair County,PCTPOV517_2023,13.5
1115,AL,St. Clair County,CI90LB517P_2023,9.0
1115,AL,St. Clair County,CI90UB517P_2023,18.0
1115,AL,St. Clair County,MEDHHINC_2023,78349.0
1115,AL,St. Clair County,CI90LBINC_2023,72699.0
1115,AL,St. Clair County,CI90UBINC_2023,83999.0
1117,AL,Shelby County,Rural_Urban_Continuum_Code_2013,1.0
1117,AL,Shelby County,Urban_Influence_Code_2013,1.0
1117,AL,Shelby County,Rural_Urban_Continuum_Code_2023,1.0
1117,AL,Shelby County,Urban_Influence_Code_2024,1.0
1117,AL,Shelby County,POVALL_2023,19207.0
1117,AL,Shelby County,CI90LBALL_2023,16500.0
1117,AL,Shelby County,CI90UBALL_2023,21914.0
1117,AL,Shelby County,PCTPOVALL_2023,8.4
1117,AL,Shelby County,CI90LBALLP_2023,7.2
1117,AL,Shelby County,CI90UBALLP_2023,9.6
1117,AL,Shelby County,POV017_2023,4825.0
1117,AL,Shelby County,CI90LB017_2023,3717.0
1117,AL,Shelby County,CI90UB017_2023,5933.0
1117,AL,Shelby County,PCTPOV017_2023,9.4
1117,AL,Shelby County,CI90LB017P_2023,7.2
1117,AL,Shelby County,CI90UB017P_2023,11.6
1117,AL,Shelby County,POV517_2023,3428.0
1117,AL,Shelby County,CI90LB517_2023,2571.0
1117,AL,Shelby County,CI90UB517_2023,4285.0
1117,AL,Shelby County,PCTPOV517_2023,8.7
1117,AL,Shelby County,CI90LB517P_2023,6.5
1117,AL,Shelby County,CI90UB517P_2023,10.9
1117,AL,Shelby County,MEDHHINC_2023,90280.0
1117,AL,Shelby County,CI90LBINC_2023,84649.0
1117,AL,Shelby County,CI90UBINC_2023,95911.0
1119,AL,Sumter County,Rural_Urban_Continuum_Code_2013,8.0
1119,AL,Sumter County,Urban_Influence_Code_2013,6.0
1119,AL,Sumter County,Rural_Urban_Continuum_Code_2023,8.0
1119,AL,Sumter County,Urban_Influence_Code_2024,6.0
1119,AL,Sumter County,POVALL_2023,3607.0
1119,AL,Sumter County,CI90LBALL_2023,2892.0
1119,AL,Sumter County,CI90UBALL_2023,4322.0
1119,AL,Sumter County,PCTPOVALL_2023,33.5
1119,AL,Sumter County,CI90LBALLP_2023,26.9
1119,AL,Sumter County,CI90UBALLP_2023,40.1
1119,AL,Sumter County,POV017_2023,1025.0
1119,AL,Sumter County,CI90LB017_2023,766.0
1119,AL,Sumter County,CI90UB017_2023,1284.0
1119,AL,Sumter County,PCTPOV017_2023,45.4
1119,AL,Sumter County,CI90LB017P_2023,33.9
1119,AL,Sumter County,CI90UB017P_2023,56.9
1119,AL,Sumter County,POV517_2023,643.0
1119,AL,Sumter County,CI90LB517_2023,419.0
1119,AL,Sumter County,CI90UB517_2023,867.0
1119,AL,Sumter County,PCTPOV517_2023,38.9
1119,AL,Sumter County,CI90LB517P_2023,25.4
1119,AL,Sumter County,CI90UB517P_2023,52.4
1119,AL,Sumter County,MEDHHINC_2023,37021.0
1119,AL,Sumter County,CI90LBINC_2023,32535.0
1119,AL,Sumter County,CI90UBINC_2023,41507.0
1121,AL,Talladega County,Rural_Urban_Continuum_Code_2013,4.0
1121,AL,Talladega County,Urban_Influence_Code_2013,3.0
1121,AL,Talladega County,Rural_Urban_Continuum_Code_2023,4.0
1121,AL,Talladega County,Urban_Influence_Code_2024,2.0
1121,AL,Talladega County,POVALL_2023,13329.0
1121,AL,Talladega County,CI90LBALL_2023,10945.0
1121,AL,Talladega County,CI90UBALL_2023,15713.0
1121,AL,Talladega County,PCTPOVALL_2023,17.0
1121,AL,Talladega County,CI90LBALLP_2023,14.0
1121,AL,Talladega County,CI90UBALLP_2023,20.0
1121,AL,Talladega County,POV017_2023,3701.0
1121,AL,Talladega County,CI90LB017_2023,2638.0
1121,AL,Talladega County,CI90UB017_2023,4764.0
1121,AL,Talladega County,PCTPOV017_2023,22.8
1121,AL,Talladega County,CI90LB017P_2023,16.2
1121,AL,Talladega County,CI90UB017P_2023,29.4
1121,AL,Talladega County,POV517_2023,2514.0
1121,AL,Talladega County,CI90LB517_2023,1660.0
1121,AL,Talladega County,CI90UB517_2023,3368.0
1121,AL,Talladega County,PCTPOV517_2023,21.2
1121,AL,Talladega County,CI90LB517P_2023,14.0
1121,AL,Talladega County,CI90UB517P_2023,28.4
1121,AL,Talladega County,MEDHHINC_2023,59491.0
1121,AL,Talladega County,CI90LBINC_2023,55623.0
1121,AL,Talladega County,CI90UBINC_2023,63359.0
1123,AL,Tallapoosa County,Rural_Urban_Continuum_Code_2013,6.0
1123,AL,Tallapoosa County,Urban_Influence_Code_2013,6.0
1123,AL,Tallapoosa County,Rural_Urban_Continuum_Code_2023,6.0
1123,AL,Tallapoosa County,Urban_Influence_Code_2024,5.0
1123,AL,Tallapoosa County,POVALL_2023,6041.0
1123,AL,Tallapoosa County,CI90LBALL_2023,4690.0
1123,AL,Tallapoosa County,CI90UBALL_2023,7392.0
1123,AL,Tallapoosa County,PCTPOVALL_2023,15.1
1123,AL,Tallapoosa County,CI90LBALLP_2023,11.7
1123,AL,Tallapoosa County,CI90UBALLP_2023,18.5
1123,AL,Tallapoosa County,POV017_2023,1797.0
1123,AL,Tallapoosa County,CI90LB017_2023,1198.0
1123,AL,Tallapoosa County,CI90UB017_2023,2396.0
1123,AL,Tallapoosa County,PCTPOV017_2023,22.6
1123,AL,Tallapoosa County,CI90LB017P_2023,15.1
1123,AL,Tallapoosa County,CI90UB017P_2023,30.1
1123,AL,Tallapoosa County,POV517_2023,1343.0
1123,AL,Tallapoosa County,CI90LB517_2023,885.0
1123,AL,Tallapoosa County,CI90UB517_2023,1801.0
1123,AL,Tallapoosa County,PCTPOV517_2023,22.3
1123,AL,Tallapoosa County,CI90LB517P_2023,14.7
1123,AL,Tallapoosa County,CI90UB517P_2023,29.9
1123,AL,Tallapoosa County,MEDHHINC_2023,60583.0
1123,AL,Tallapoosa County,CI90LBINC_2023,56615.0
1123,AL,Tallapoosa County,CI90UBINC_2023,64551.0
1125,AL,Tuscaloosa County,Rural_Urban_Continuum_Code_2013,3.0
1125,AL,Tuscaloosa County,Urban_Influence_Code_2013,2.0
1125,AL,Tuscaloosa County,Rural_Urban_Continuum_Code_2023,2.0
1125,AL,Tuscaloosa County,Urban_Influence_Code_2024,4.0
1125,AL,Tuscaloosa County,POVALL_2023,41429.0
1125,AL,Tuscaloosa County,CI90LBALL_2023,36618.0
1125,AL,Tuscaloosa County,CI90UBALL_2023,46240.0
1125,AL,Tuscaloosa County,PCTPOVALL_2023,19.2
1125,AL,Tuscaloosa County,CI90LBALLP_2023,17.0
1125,AL,Tuscaloosa County,CI90UBALLP_2023,21.4
1125,AL,Tuscaloosa County,POV017_2023,11299.0
1125,AL,Tuscaloosa County,CI90LB017_2023,9287.0
1125,AL,Tuscaloosa County,CI90UB017_2023,13311.0
1125,AL,Tuscaloosa County,PCTPOV017_2023,23.8
1125,AL,Tuscaloosa County,CI90LB017P_2023,19.6
1125,AL,Tuscaloosa County,CI90UB017P_2023,28.0
1125,AL,Tuscaloosa County,POV517_2023,7334.0
1125,AL,Tuscaloosa County,CI90LB517_2023,5705.0
1125,AL,Tuscaloosa County,CI90UB517_2023,8963.0
1125,AL,Tuscaloosa County,PCTPOV517_2023,20.9
1125,AL,Tuscaloosa County,CI90LB517P_2023,16.3
1125,AL,Tuscaloosa County,CI90UB517P_2023,25.5
1125,AL,Tuscaloosa County,MEDHHINC_2023,61117.0
1125,AL,Tuscaloosa County,CI90LBINC_2023,57987.0
1125,AL,Tuscaloosa County,CI90UBINC_2023,64247.0
1127,AL,Walker County,Rural_Urban_Continuum_Code_2013,1.0
1127,AL,Walker County,Urban_Influence_Code_2013,1.0
1127,AL,Walker County,Rural_Urban_Continuum_Code_2023,1.0
1127,AL,Walker County,Urban_Influence_Code_2024,1.0
1127,AL,Walker County,POVALL_2023,11099.0
1127,AL,Walker County,CI90LBALL_2023,9251.0
1127,AL,Walker County,CI90UBALL_2023,12947.0
1127,AL,Walker County,PCTPOVALL_2023,17.5
1127,AL,Walker County,CI90LBALLP_2023,14.6
1127,AL,Walker County,CI90UBALLP_2023,20.4
1127,AL,Walker County,POV017_2023,3366.0
1127,AL,Walker County,CI90LB017_2023,2585.0
1127,AL,Walker County,CI90UB017_2023,4147.0
1127,AL,Walker County,PCTPOV017_2023,23.3
1127,AL,Walker County,CI90LB017P_2023,17.9
1127,AL,Walker County,CI90UB017P_2023,28.7
1127,AL,Walker County,POV517_2023,2367.0
1127,AL,Walker County,CI90LB517_2023,1780.0
1127,AL,Walker County,CI90UB517_2023,2954.0
1127,AL,Walker County,PCTPOV517_2023,22.5
1127,AL,Walker County,CI90LB517P_2023,16.9
1127,AL,Walker County,CI90UB517P_2023,28.1
1127,AL,Walker County,MEDHHINC_2023,57950.0
1127,AL,Walker County,CI90LBINC_2023,53220.0
1127,AL,Walker County,CI90UBINC_2023,62680.0
1129,AL,Washington County,Rural_Urban_Continuum_Code_2013,8.0
1129,AL,Washington County,Urban_Influence_Code_2013,7.0
1129,AL,Washington County,Rural_Urban_Continuum_Code_2023,8.0
1129,AL,Washington County,Urban_Influence_Code_2024,6.0
1129,AL,Washington County,POVALL_2023,2778.0
1129,AL,Washington County,CI90LBALL_2023,2163.0
1129,AL,Washington County,CI90UBALL_2023,3393.0
1129,AL,Washington County,PCTPOVALL_2023,18.7
1129,AL,Washington County,CI90LBALLP_2023,14.6
1129,AL,Washington County,CI90UBALLP_2023,22.8
1129,AL,Washington County,POV017_2023,832.0
1129,AL,Washington County,CI90LB017_2023,587.0
1129,AL,Washington County,CI90UB017_2023,1077.0
1129,AL,Washington County,PCTPOV017_2023,26.2
1129,AL,Washington County,CI90LB017P_2023,18.5
1129,AL,Washington County,CI90UB017P_2023,33.9
1129,AL,Washington County,POV517_2023,618.0
1129,AL,Washington County,CI90LB517_2023,426.0
1129,AL,Washington County,CI90UB517_2023,810.0
1129,AL,Washington County,PCTPOV517_2023,27.4
1129,AL,Washington County,CI90LB517P_2023,18.9
1129,AL,Washington County,CI90UB517P_2023,35.9
1129,AL,Washington County,MEDHHINC_2023,57311.0
1129,AL,Washington County,CI90LBINC_2023,50928.0
1129,AL,Washington County,CI90UBINC_2023,63694.0
1131,AL,Wilcox County,Rural_Urban_Continuum_Code_2013,9.0
1131,AL,Wilcox County,Urban_Influence_Code_2013,10.0
1131,AL,Wilcox County,Rural_Urban_Continuum_Code_2023,9.0
1131,AL,Wilcox County,Urban_Influence_Code_2024,9.0
1131,AL,Wilcox County,POVALL_2023,3194.0
1131,AL,Wilcox County,CI90LBALL_2023,2460.0
1131,AL,Wilcox County,CI90UBALL_2023,3928.0
1131,AL,Wilcox County,PCTPOVALL_2023,32.7
1131,AL,Wilcox County,CI90LBALLP_2023,25.2
1131,AL,Wilcox County,CI90UBALLP_2023,40.2
1131,AL,Wilcox County,POV017_2023,1049.0
1131,AL,Wilcox County,CI90LB017_2023,731.0
1131,AL,Wilcox County,CI90UB017_2023,1367.0
1131,AL,Wilcox County,PCTPOV017_2023,48.5
1131,AL,Wilcox County,CI90LB017P_2023,33.8
1131,AL,Wilcox County,CI90UB017P_2023,63.2
1131,AL,Wilcox County,POV517_2023,758.0
1131,AL,Wilcox County,CI90LB517_2023,512.0
1131,AL,Wilcox County,CI90UB517_2023,1004.0
1131,AL,Wilcox County,PCTPOV517_2023,47.9
1131,AL,Wilcox County,CI90LB517P_2023,32.3
1131,AL,Wilcox County,CI90UB517P_2023,63.5
1131,AL,Wilcox County,MEDHHINC_2023,34426.0
1131,AL,Wilcox County,CI90LBINC_2023,30218.0
1131,AL,Wilcox County,CI90UBINC_2023,38634.0
1133,AL,Winston County,Rural_Urban_Continuum_Code_2013,6.0
1133,AL,Winston County,Urban_Influence_Code_2013,4.0
1133,AL,Winston County,Rural_Urban_Continuum_Code_2023,8.0
1133,AL,Winston County,Urban_Influence_Code_2024,3.0
1133,AL,Winston County,POVALL_2023,3855.0
1133,AL,Winston County,CI90LBALL_2023,3091.0
1133,AL,Winston County,CI90UBALL_2023,4619.0
1133,AL,Winston County,PCTPOVALL_2023,16.6
1133,AL,Winston County,CI90LBALLP_2023,13.3
1133,AL,Winston County,CI90UBALLP_2023,19.9
1133,AL,Winston County,POV017_2023,1130.0
1133,AL,Winston County,CI90LB017_2023,827.0
1133,AL,Winston County,CI90UB017_2023,1433.0
1133,AL,Winston County,PCTPOV017_2023,24.0
1133,AL,Winston County,CI90LB017P_2023,17.6
1133,AL,Winston County,CI90UB017P_2023,30.4
1133,AL,Winston County,POV517_2023,801.0
1133,AL,Winston County,CI90LB517_2023,567.0
1133,AL,Winston County,CI90UB517_2023,1035.0
1133,AL,Winston County,PCTPOV517_2023,22.7
1133,AL,Winston County,CI90LB517P_2023,16.1
1133,AL,Winston County,CI90UB517P_2023,29.3
1133,AL,Winston County,MEDHHINC_2023,52280.0
1133,AL,Winston County,CI90LBINC_2023,45967.0
1133,AL,Winston County,CI90UBINC_2023,58593.0
